Year,Month,Day,Time,Lat,Lon,Depth,Mag
2025,1,17,11:10:28,-4.3935,35.1537,10.0,4.2
2025,1,4,14:51:49,-3.0587,29.2209,10.0,4.5
2024,12,27,23:39:39,-11.3385,37.2316,10.0,4.2
2024,12,18,21:06:38,-5.4358,35.8077,10.0,4.4
2024,12,16,14:02:40,-3.2712,35.8467,10.0,4.5
2024,11,30,10:59:26,-0.8176,29.2153,10.0,4.4
2024,11,24,7:58:36,-11.2689,34.7704,10.0,5.0
2024,10,4,8:53:02,-5.5274,34.2383,9.4,4.7
2024,8,27,21:48:22,-4.2815,35.1136,10.0,4.5
2024,7,16,17:32:54,-1.8032,36.2062,10.0,4.6
2024,6,22,0:20:47,-2.2896,39.1603,9.6,4.4
2024,5,31,23:37:09,-8.7932,32.9927,7.3,4.4
2024,5,14,16:49:36,-10.8732,41.3255,10.0,4.2
2024,5,5,20:30:45,-5.535,35.8071,10.0,4.1
2024,5,4,18:05:40,-10.4958,34.1454,10.0,4.5
2024,5,2,8:27:09,-4.8683,29.4774,10.0,4.8
2024,3,18,13:14:20,-7.3443,39.3449,10.0,4.5
2024,2,29,5:04:44,-8.5691,30.4179,10.0,4.7
2024,2,10,15:28:50,-5.491,35.8364,10.0,4.3
2024,1,20,2:04:43,-3.9034,35.7265,10.0,4.7
2023,11,6,23:04:25,-5.4817,34.9021,10.0,4.3
2023,11,6,1:51:09,-6.465,29.492,10.0,4.0
2023,11,1,5:27:06,-5.5237,34.8726,10.0,4.4
1973,7,11,10:23:52,-4.2948,32.6031,9.2,5.0
1973,2,28,20:32:11,-10.7342,38.2693,15.1,4.7
1973,12,28,15:14:46,-8.124,34.0777,9.7,4.7
1973,5,9,06:17:03,-6.1064,38.6466,15.0,4.6
1973,12,8,14:34:13,-12.1153,38.2941,10.3,4.2
1973,6,18,11:33:09,-9.9245,31.7911,12.8,4.7
1973,2,15,20:23:25,-3.7024,35.1841,9.8,4.4
1973,9,7,08:23:00,-10.5431,36.9888,9.4,4.3
1973,10,9,06:08:07,-8.5844,39.1117,15.2,4.7
1973,8,22,02:00:34,-5.7704,34.3269,10.3,4.5
1973,11,9,14:14:25,-7.2884,31.2074,11.8,4.4
1973,4,5,22:38:44,-5.2711,34.814,10.8,4.5
1973,12,12,11:19:29,-6.7299,34.177,10.3,4.7
1973,1,25,19:12:40,-8.3041,33.4417,10.3,4.4
1973,12,24,14:58:53,-12.0391,30.5667,11.9,4.5
1973,1,5,16:55:16,-11.4346,40.3028,15.0,4.5
1973,3,2,20:43:25,-9.0028,30.0065,12.1,4.5
1973,6,24,04:51:33,-3.6146,30.8502,9.4,4.6
1973,3,20,03:18:25,-2.2205,33.8914,8.0,4.6
1973,7,18,07:00:10,-4.0957,32.5573,8.0,4.8
1973,10,16,19:59:48,-5.1872,32.6324,9.7,4.7
1973,9,3,18:47:15,-9.9044,38.8227,15.0,4.7
1973,8,4,05:39:19,-5.187,35.7585,9.4,4.5
1973,9,4,00:03:32,-9.5542,36.8283,15.5,4.7
1973,1,16,11:58:50,-8.8287,40.0804,15.1,4.8
1973,1,28,14:32:04,-6.6633,29.607,12.3,4.6
1974,9,5,23:28:48,-9.2073,36.2047,9.7,4.6
1974,2,25,09:30:53,-4.2882,30.5153,7.9,4.8
1974,10,17,07:32:08,-11.746,40.2792,14.8,4.5
1974,9,24,12:59:57,-10.1406,31.5455,10.1,4.6
1974,12,19,22:14:27,-9.1315,39.8626,15.3,4.7
1974,6,26,21:48:51,-10.7384,38.1343,15.7,4.4
1974,12,12,04:38:03,-4.3586,32.4508,8.4,4.8
1974,2,28,09:29:18,-7.0886,30.3863,9.4,4.5
1974,10,26,00:46:33,-7.3015,29.1465,9.4,4.8
1974,6,23,02:11:25,-6.5619,32.0772,12.1,4.7
1974,4,1,04:22:57,-6.0163,33.6628,10.2,4.7
1974,4,16,23:15:54,-5.9935,35.8605,10.9,4.7
1974,3,28,00:32:50,-4.9023,37.6604,10.2,4.7
1974,12,14,01:50:49,-2.4898,36.0879,9.2,4.6
1974,3,9,06:03:57,-7.2578,37.5753,9.7,4.8
1974,8,3,16:34:47,-4.8175,34.8709,9.4,4.8
1974,9,3,08:29:16,-6.518,36.9058,10.4,4.6
1974,12,9,18:11:08,-10.7959,39.5568,14.9,4.7
1974,5,3,11:24:51,-8.3046,33.3209,11.8,4.5
1974,6,7,13:12:39,-7.241,38.6636,15.0,4.7
1974,6,20,16:06:24,-10.4061,30.1296,12.3,4.6
1974,11,10,18:38:02,-11.0929,37.6499,15.1,4.8
1974,12,25,16:24:55,-9.038,29.9209,12.4,4.6
1974,2,15,08:48:13,-5.394,36.6131,10.1,4.7
1974,12,21,07:57:27,-3.6739,37.9787,10.0,4.8
1974,4,13,15:28:12,-8.4292,35.031,14.5,4.7
1974,2,27,12:04:54,-3.6917,39.466,10.2,4.4
1974,11,17,12:32:33,-7.5505,28.2001,12.1,4.5
1974,5,6,02:52:22,-3.1652,32.909,8.1,4.8
1974,1,8,01:27:30,-6.9015,29.3762,9.1,4.6
1974,1,22,11:04:29,-13.2911,29.56,11.9,4.7
1974,3,7,05:59:33,-9.0536,33.7392,10.7,4.7
1974,9,6,00:23:14,-6.7475,33.3664,12.1,4.5
1974,1,10,16:59:19,-0.1007,33.3733,7.9,4.9
1974,11,19,14:56:22,-10.3171,31.9779,12.1,4.4
1974,9,3,02:26:28,-0.5481,31.6666,8.2,4.6
1974,10,22,20:05:00,-10.1041,36.2756,9.6,4.7
1974,9,26,14:56:21,-10.8422,36.0352,15.6,4.7
1974,4,15,14:55:21,-8.5766,28.2621,12.1,4.5
1974,7,14,10:46:59,-10.9531,34.4045,15.2,4.5
1974,12,10,06:56:16,-9.7795,27.2788,12.1,4.5
1974,10,3,08:44:17,-10.3739,30.339,11.9,4.3
1974,10,9,04:05:51,-2.3891,35.7013,8.4,5.0
1974,5,22,20:05:05,-8.0171,27.3134,12.1,4.5
1974,9,2,14:10:07,-8.7868,38.2382,15.5,4.6
1974,1,20,16:11:46,-6.508,35.9359,9.8,4.4
1974,11,3,00:05:49,-6.5986,35.0763,10.3,4.5
1975,5,9,16:08:10,-5.1301,33.3767,7.8,4.8
1975,12,3,02:00:39,-10.693,28.3063,12.0,4.6
1975,5,5,18:58:13,-4.3308,36.9063,10.1,4.6
1975,8,14,18:37:32,-8.7522,35.1997,14.9,4.9
1975,5,8,07:50:38,-10.757,34.6746,9.7,4.6
1975,1,20,06:26:35,-6.1521,28.5552,11.7,4.6
1975,4,22,01:09:04,-3.4295,37.9348,9.6,4.5
1975,8,5,14:03:11,-2.7924,32.9489,9.7,4.2
1975,11,5,19:10:09,-5.8662,34.1788,10.8,4.6
1975,9,1,14:39:59,-9.3552,26.187,12.1,4.9
1975,10,17,08:53:50,-7.2889,38.9682,15.1,4.7
1975,8,15,20:46:08,-8.96,34.2093,9.9,4.7
1975,4,25,10:37:01,-4.0743,32.554,9.3,4.5
1975,3,22,23:24:06,-3.5108,35.7375,7.9,4.6
1975,12,18,20:48:06,-5.8513,36.1419,10.5,4.8
1975,8,17,06:00:31,0.9775,29.2772,9.9,4.7
1975,1,13,15:39:18,-0.9468,32.4594,7.9,4.5
1975,6,19,03:00:07,-7.6428,32.9819,11.6,4.9
1975,12,1,22:54:27,-6.4051,36.3532,10.3,4.1
1975,7,27,07:53:56,-6.7305,37.982,8.9,4.5
1975,8,14,23:45:42,-4.4264,31.1669,9.6,4.4
1975,1,23,20:18:47,-11.1008,31.6679,10.0,4.3
1975,11,10,01:02:22,-7.9199,39.5717,15.1,4.7
1975,12,3,19:57:21,-11.9478,40.8782,14.4,4.8
1975,1,18,18:16:13,-5.4428,31.4204,9.8,4.5
1975,4,26,12:33:22,-8.3658,39.9387,10.2,4.2
1975,10,12,22:52:41,-10.479,30.9052,12.6,4.6
1975,1,26,20:27:57,-0.5348,35.5759,7.7,4.8
1975,10,21,10:39:10,-7.2125,28.8096,12.1,4.5
1975,8,22,21:04:55,-4.3621,37.4619,10.0,4.7
1975,11,13,10:33:08,-11.8741,38.2382,15.1,4.7
1975,7,3,02:49:36,-6.0556,40.4309,9.5,4.9
1975,11,17,16:09:56,-2.0541,30.4245,7.8,4.7
1975,6,8,17:24:11,-1.9479,35.1095,8.2,4.9
1975,1,23,20:21:57,-7.7795,29.3727,12.0,4.5
1975,4,7,02:17:58,-4.6445,34.7274,8.0,4.8
1975,2,3,04:42:39,-5.6567,33.1055,9.6,4.4
1975,9,13,17:32:15,-3.2843,32.2788,8.4,4.8
1975,5,12,15:55:43,-9.8748,39.7476,14.9,4.8
1975,1,3,12:13:55,-7.3045,39.3896,10.7,4.3
1975,9,15,16:56:23,-8.985,40.6472,15.1,4.6
1975,9,7,19:03:58,-3.2521,31.6459,8.7,4.7
1975,2,25,08:48:57,-3.7246,37.6589,9.6,4.7
1976,4,26,16:58:41,-4.3814,38.5394,9.9,4.1
1976,8,15,08:03:13,-9.2662,30.7732,11.8,4.6
1976,3,25,01:11:41,-12.7815,31.7406,9.7,4.0
1976,6,8,04:47:25,-3.9455,41.2162,9.7,4.3
1976,3,26,02:55:39,-4.4431,33.26,9.0,4.5
1976,12,1,15:40:12,-2.3772,34.0464,8.3,4.8
1976,7,5,10:44:57,-2.7038,38.4577,10.6,4.6
1976,2,4,01:13:12,-3.2542,33.2406,8.3,4.7
1976,8,13,02:47:05,-2.0073,29.8958,7.9,4.6
1976,5,22,03:19:31,-2.1815,33.0787,8.3,4.6
1976,8,27,17:49:13,-3.6615,37.8266,9.4,4.4
1976,3,11,22:25:33,-4.8322,32.8971,9.8,4.0
1976,2,15,13:19:21,-5.3647,36.9123,9.8,4.8
1976,6,19,04:02:58,-2.0109,32.8373,8.5,4.6
1976,8,12,17:14:43,-8.5667,39.4107,15.1,4.6
1976,7,3,11:52:23,-10.6373,37.2098,15.5,4.4
1976,1,12,19:35:08,-2.1485,36.234,9.2,4.4
1976,8,11,12:16:07,-4.8236,33.3674,10.3,4.4
1976,9,1,05:40:07,-8.6881,26.0244,11.5,4.6
1976,6,22,19:32:09,-7.8373,36.0546,9.9,4.2
1976,6,7,13:57:49,-2.8362,34.9224,9.0,4.2
1976,9,7,08:49:11,-5.6395,33.723,10.0,4.7
1977,11,20,15:03:05,-2.0998,36.4569,9.6,5.0
1977,11,18,21:11:22,0.3648,32.3612,10.8,4.5
1977,7,19,11:17:05,-5.9873,35.6957,10.1,4.6
1977,6,15,00:06:11,-5.8335,35.0157,10.2,4.2
1977,12,20,23:49:48,-4.0809,36.4322,9.5,4.5
1977,2,4,05:38:41,-2.9384,34.2473,10.3,4.6
1977,5,15,00:34:25,-8.6515,30.1506,9.5,3.9
1977,12,15,13:55:38,-4.964,33.6658,8.9,4.4
1977,3,5,04:00:39,-7.592,28.8295,11.7,4.4
1977,10,12,08:00:04,-10.0714,38.7824,15.0,4.5
1977,12,5,16:48:55,-4.9723,30.519,7.5,4.9
1977,2,14,01:08:36,-2.8145,35.4053,9.7,4.4
1977,12,10,19:52:49,-3.7201,34.3572,9.9,4.0
1977,2,23,11:37:19,-3.1612,35.7586,10.4,3.8
1977,2,21,00:54:07,-6.3142,28.2943,12.2,4.4
1977,10,11,09:29:49,-8.2901,30.3566,12.2,4.6
1977,3,16,13:52:47,-7.6941,31.7233,12.3,4.7
1977,1,9,15:12:08,-9.5061,29.2783,11.5,4.7
1977,6,19,05:33:17,-2.1414,33.5832,7.5,4.6
1977,7,25,20:14:00,-3.5459,33.3379,9.0,4.2
1977,1,3,11:37:25,-6.0722,34.7573,8.6,4.9
1977,10,8,15:01:05,-8.3424,40.516,14.4,4.6
1977,11,16,22:05:45,-5.6765,30.7465,9.8,4.1
1977,4,21,12:21:18,-3.6401,35.5444,9.9,4.4
1977,12,3,07:15:41,-4.7977,38.8496,10.1,4.7
1977,7,12,09:38:12,-7.519,29.8911,12.0,4.7
1977,1,12,23:44:41,-2.7559,31.4628,8.4,4.7
1978,9,15,09:23:57,-2.2794,35.8815,9.7,4.5
1978,2,24,18:35:59,-8.4188,31.2324,12.2,4.5
1978,1,3,11:33:32,-5.1357,33.7173,10.6,4.5
1978,11,10,08:13:12,-6.3329,33.4619,9.8,4.6
1978,10,22,06:40:48,-8.6615,28.8668,12.5,4.7
1978,8,5,00:35:02,-9.1344,40.6709,14.9,4.6
1978,2,28,04:43:26,-6.4877,32.9925,10.0,4.6
1978,3,22,05:01:22,-9.4967,39.3672,14.4,4.7
1978,12,26,03:04:12,-5.4556,30.6873,11.8,4.5
1978,12,17,15:11:07,-2.7424,30.6812,8.0,4.6
1978,5,20,05:21:17,-9.2724,33.584,10.5,4.5
1978,4,1,22:49:44,-5.0423,37.9087,9.1,4.5
1978,7,26,03:17:54,-7.3564,33.8212,10.4,4.7
1978,1,10,05:17:44,-7.6177,29.9975,11.9,4.6
1978,9,15,20:34:01,-7.301,38.4269,14.9,4.6
1978,9,22,00:35:30,-2.9571,32.985,8.3,4.8
1978,2,8,20:33:03,-7.5635,29.8104,12.1,4.7
1978,11,2,22:18:30,-9.6321,36.4098,15.2,4.6
1978,8,15,08:22:18,-3.8558,32.0133,8.5,4.7
1978,12,1,03:03:38,-6.0586,33.8408,10.1,4.6
1978,7,18,04:51:34,-7.834,36.4966,10.1,4.9
1978,7,2,20:53:37,-12.0034,37.8772,15.1,4.6
1978,10,18,12:20:52,-9.5113,30.9503,11.6,4.7
1978,5,20,22:52:25,-5.9957,36.5223,9.9,4.2
1978,4,6,09:20:41,-6.2229,28.5847,11.3,4.5
1978,10,18,07:20:27,-2.4736,30.9452,8.9,4.4
1978,7,24,12:18:04,-9.4432,26.4541,12.1,4.5
1978,8,3,23:16:04,0.1766,35.0699,9.6,4.5
1978,7,19,18:42:57,-12.0493,36.4064,15.3,4.6
1978,8,8,08:01:14,-9.2139,29.7626,12.3,4.6
1978,10,21,03:11:26,-6.8104,33.5559,10.3,4.6
1978,12,2,10:09:14,-1.5204,40.5243,10.3,4.6
1978,9,18,21:51:29,-8.9048,27.8984,11.5,4.3
1978,7,17,11:40:46,-6.0887,41.3238,9.1,4.7
1979,12,11,21:21:42,-6.1536,29.7703,12.3,4.6
1979,3,23,23:43:12,-9.392,36.9316,14.8,4.7
1979,7,12,14:24:36,-5.1338,39.2673,10.2,4.4
1979,4,8,02:31:41,-5.9816,30.4052,12.2,4.6
1979,9,16,12:08:51,-2.9597,35.6473,9.7,4.7
1979,11,16,18:30:54,-9.194,31.0633,12.0,4.6
1979,5,6,20:53:39,-0.3729,32.3445,8.1,4.9
1979,3,24,04:15:57,-10.3209,32.0709,11.8,4.8
1979,12,28,18:48:45,-10.0304,36.9068,15.5,4.8
1979,3,16,12:35:29,-8.3025,36.9351,15.3,4.7
1979,6,13,00:16:05,-3.9711,30.8491,8.2,4.9
1979,10,18,02:12:42,-9.1707,36.4526,15.1,4.5
1979,5,20,16:20:09,-5.4446,31.2054,11.8,4.4
1979,4,6,08:53:45,-3.1829,39.3065,9.9,4.5
1979,8,12,09:29:21,-8.8918,37.714,14.9,4.6
1979,10,25,12:05:43,-1.6517,31.8639,8.0,4.8
1979,2,24,10:19:23,-13.6878,39.45,15.2,4.6
1979,5,26,20:17:04,-1.2357,32.3818,8.2,4.9
1979,12,25,08:32:49,-8.8478,28.2548,12.1,4.5
1979,8,2,10:40:38,-8.4534,34.0834,10.1,4.9
1979,5,5,01:21:47,-8.467,34.9046,9.2,3.8
1979,8,15,07:37:59,-11.5946,28.3438,12.2,4.8
1979,4,22,14:55:39,-3.9827,31.6892,7.9,4.6
1979,1,10,19:34:05,-6.8369,29.4941,10.3,4.4
1979,8,28,08:35:36,-3.6486,34.8837,8.0,4.6
1979,12,20,05:11:01,-4.7369,33.8785,8.0,4.9
1979,12,1,22:07:36,-1.7999,32.554,8.0,4.6
1979,1,13,22:52:20,-7.6246,37.7196,9.3,4.7
1979,5,3,08:51:37,-4.7629,32.0883,9.6,4.6
1979,6,3,11:27:29,-2.5791,34.2009,7.7,4.6
1979,2,26,10:56:22,-6.4103,37.6916,10.1,4.7
1979,1,20,15:33:01,-6.7895,31.0147,11.9,4.6
1979,3,4,14:37:14,-10.6116,38.8599,14.9,4.7
1979,1,7,08:34:59,-3.7654,35.3684,8.1,4.8
1979,4,21,07:34:18,-6.6929,30.5678,11.6,4.4
1979,9,19,13:50:02,-6.5197,31.53,9.7,4.5
1979,8,6,20:35:39,-3.2454,32.894,10.2,4.4
1980,9,4,03:27:07,-12.5864,38.8665,15.2,4.5
1980,12,3,10:45:49,-9.5943,30.4455,10.5,4.5
1980,8,1,07:44:22,-6.9107,35.391,10.3,4.7
1980,4,22,07:20:50,-10.1153,39.436,14.9,4.5
1980,6,12,12:02:21,-7.0432,36.2841,9.7,4.7
1980,6,22,17:16:11,-7.75,39.0024,15.7,4.7
1980,3,16,12:19:55,-3.6531,31.8643,7.6,4.7
1980,10,11,21:40:08,-5.9704,33.7663,10.1,4.8
1980,7,9,06:12:10,-3.3639,32.7348,10.4,4.5
1980,12,8,07:52:44,-3.6071,31.9291,7.6,4.5
1980,1,15,19:17:17,-8.3997,36.3943,15.2,4.7
1980,8,20,16:32:11,-7.1056,31.7806,12.1,4.5
1980,3,11,12:09:13,-3.8006,35.4698,8.4,4.9
1980,3,16,07:01:16,-7.313,28.2369,12.1,4.7
1980,5,17,22:23:56,-10.1955,34.9134,14.8,4.7
1980,5,6,11:33:31,-6.4831,37.9119,9.7,4.8
1980,9,22,03:59:32,-11.4843,32.348,8.8,4.7
1980,10,28,17:27:34,-8.3853,28.008,11.7,4.5
1980,8,12,05:00:30,-2.3361,35.1755,8.3,4.8
1980,6,27,14:52:29,-5.4575,35.6859,9.5,4.5
1980,1,13,14:51:16,-6.9398,29.4525,12.3,4.6
1980,7,19,02:41:33,-5.9947,35.0384,14.9,4.6
1980,11,7,03:50:00,-2.9536,30.8315,7.7,4.8
1980,2,8,21:56:23,-10.7939,38.9264,15.2,4.7
1980,6,19,20:33:10,-6.5555,35.7462,10.1,4.7
1980,10,12,05:16:50,-3.5503,33.4595,7.8,4.9
1980,4,6,10:32:23,-9.6696,37.4315,14.4,4.6
1980,11,18,18:46:46,-6.2489,38.1465,8.3,4.8
1980,8,19,05:02:58,-5.2519,34.9873,9.6,4.8
1980,6,11,02:53:09,-2.0022,33.3194,8.0,4.7
1980,9,15,02:18:49,-6.3502,30.8036,12.3,4.4
1980,8,8,04:59:08,-5.6882,34.4153,9.8,4.7
1980,4,6,10:34:07,-4.8798,38.1325,9.8,4.2
1980,1,23,01:41:59,-7.3757,39.1023,15.1,4.7
1980,8,23,13:55:54,-10.8401,32.1199,9.4,4.2
1980,5,13,20:18:52,-6.7539,28.0485,10.2,4.2
1981,4,8,21:51:19,-7.0902,28.6068,12.0,4.7
1981,4,13,22:07:17,-10.3806,29.6438,11.7,4.4
1981,12,17,14:56:30,-4.0568,32.3287,7.8,4.8
1981,12,11,00:42:18,-5.9988,35.2545,10.2,4.5
1981,1,6,15:55:11,-6.4371,28.9114,12.0,4.7
1981,8,23,09:46:22,-5.5997,38.2504,10.4,4.5
1981,5,20,18:18:11,-2.7087,33.1121,7.7,4.9
1981,3,15,15:17:13,-5.9598,31.44,10.4,4.4
1981,9,9,05:10:53,-5.28,30.2718,10.8,4.3
1981,8,8,06:35:17,-3.9092,31.1058,8.9,4.6
1981,11,3,12:56:48,-6.9939,41.067,9.4,4.5
1981,6,24,01:21:16,-9.4084,30.1662,11.7,4.6
1981,9,4,05:00:19,-6.9975,29.5481,12.3,4.4
1981,6,7,20:24:32,-9.8163,40.5383,14.9,4.7
1981,5,4,12:06:35,-4.0363,30.5986,10.9,4.9
1981,4,8,02:28:40,-3.91,36.8427,8.5,4.2
1981,4,26,07:08:54,-7.8352,42.5191,9.9,4.3
1981,12,7,09:56:25,-5.8856,35.3788,9.1,4.3
1981,4,15,10:42:00,-9.4088,31.5403,9.9,4.5
1981,2,26,16:49:04,-8.1088,36.5258,14.8,4.7
1981,10,21,13:04:05,-7.1567,34.7444,10.0,4.7
1981,3,6,07:43:44,-7.5714,32.5724,12.0,4.4
1981,4,3,15:55:58,-9.1139,35.9812,9.8,4.7
1981,7,6,21:17:25,-10.8114,36.1381,11.0,4.1
1981,8,4,14:29:00,-9.3521,38.0314,14.8,4.7
1981,9,5,09:35:36,-5.1468,33.0266,10.0,4.8
1981,2,23,07:47:26,-9.0437,35.9179,14.8,4.5
1981,9,22,23:54:26,-3.03,32.2019,7.8,4.8
1981,4,21,02:34:48,4.687,29.8214,11.1,4.4
1981,11,18,03:00:49,-6.1868,29.0286,12.1,4.4
1981,4,5,10:55:50,-8.3952,37.0694,9.2,4.6
1981,7,26,07:04:20,-11.2248,39.5711,15.2,4.6
1981,7,14,13:56:26,-10.2655,35.3228,9.3,4.2
1981,4,3,01:56:48,-3.1658,34.6959,7.8,4.9
1981,9,25,21:05:36,-9.4395,37.7056,15.3,4.4
1981,3,22,14:03:27,-7.7202,32.693,9.8,4.4
1981,2,5,15:26:50,-1.1481,34.3459,7.9,4.9
1981,8,17,15:58:54,-10.0943,29.2386,12.1,4.7
1982,10,22,16:03:47,-4.4878,32.7542,10.2,4.5
1982,3,4,16:40:23,-5.2383,33.2625,10.2,4.8
1982,7,25,16:33:58,-3.4878,35.9445,8.1,4.8
1982,7,1,16:02:25,-7.4763,32.9953,10.3,4.8
1982,1,14,01:54:03,-8.7919,37.6387,15.1,4.6
1982,6,8,12:47:34,-5.2061,37.1645,10.5,4.7
1982,12,23,01:55:21,-4.6696,33.6281,10.2,4.7
1982,4,16,07:59:32,-5.8121,34.2284,10.0,4.7
1982,5,25,13:04:53,-9.8664,29.2871,12.2,4.5
1982,2,15,06:03:32,-6.3151,32.1996,9.7,4.8
1982,8,20,23:17:09,-8.8504,30.5578,12.2,4.6
1982,9,5,17:25:19,-6.0321,33.7453,10.1,4.5
1982,3,16,01:59:23,-4.2126,33.0605,8.1,5.0
1982,4,12,18:19:34,-7.5654,28.2504,12.0,4.5
1982,9,1,15:05:40,-5.909,31.5668,12.3,4.3
1982,11,24,21:35:33,-1.4519,33.4453,8.2,4.8
1982,4,19,00:09:35,-5.849,34.9287,9.6,4.7
1982,10,18,21:49:34,-1.6152,36.9104,10.2,4.2
1982,3,24,16:42:56,-5.1554,35.5967,8.2,4.6
1982,4,15,00:56:45,-8.7651,30.4322,12.1,4.5
1982,1,11,15:17:29,-10.3747,39.1445,14.6,4.6
1982,10,6,00:54:55,-4.7082,36.1064,9.0,4.5
1982,11,25,06:48:59,-2.9749,32.1523,9.1,4.4
1982,6,26,07:35:49,-8.6395,32.235,12.1,4.7
1982,10,25,12:03:21,-6.1031,37.2908,10.4,4.6
1982,3,14,05:49:56,-6.2198,34.9499,9.8,4.5
1982,4,19,02:03:04,-7.9354,28.3534,12.2,4.7
1982,10,20,23:24:44,-9.8485,35.2777,14.4,4.7
1982,10,7,15:32:48,-9.146,38.9947,14.6,4.8
1983,12,23,15:02:29,-5.0112,27.5474,10.0,4.5
1983,4,15,15:22:44,-8.5586,26.9883,12.5,4.5
1983,6,1,16:42:31,-9.8502,39.8382,14.8,4.8
1983,9,10,10:13:38,-8.108,30.4936,9.7,4.4
1983,11,9,14:32:32,-9.3185,27.9895,12.1,4.7
1983,6,1,01:28:47,-5.7337,29.1508,11.8,4.4
1983,8,26,16:06:12,-6.0775,40.9579,9.8,4.6
1983,11,3,14:28:52,-3.8381,36.1743,10.3,4.7
1983,9,19,11:50:53,-7.5731,32.8845,12.1,4.6
1983,9,8,17:50:47,-9.9629,33.9561,9.4,4.4
1983,12,20,16:44:17,-10.4194,39.5429,15.1,4.7
1983,7,4,19:10:57,-6.6422,34.8465,10.2,4.8
1983,9,4,07:08:57,-10.3179,41.461,15.1,4.8
1983,5,19,11:28:58,-8.8574,39.0236,14.7,4.7
1983,3,21,03:41:36,-7.2481,32.3596,9.9,4.6
1983,8,8,07:44:58,-8.1406,28.0037,11.7,4.7
1983,10,2,17:11:50,-4.7352,36.7726,10.1,4.8
1983,3,6,02:29:00,-2.577,36.5797,10.4,4.2
1983,6,10,06:52:14,-9.0915,36.4445,15.1,4.5
1983,4,12,00:27:07,-4.8846,34.5306,10.2,4.6
1983,6,25,23:45:58,-3.8543,30.4352,8.3,4.8
1983,6,16,19:11:42,-2.4903,33.5186,8.1,4.6
1983,1,3,19:10:58,-4.1161,38.0397,9.8,4.4
1983,6,6,13:23:49,-6.5297,34.501,9.7,4.3
1983,3,16,04:20:09,-8.2935,33.3074,9.7,4.4
1983,3,23,23:10:45,-7.3093,37.1928,14.6,4.6
1983,4,6,13:10:31,-12.2374,38.2315,15.3,4.7
1983,11,25,08:53:09,-6.5727,29.4178,11.9,4.6
1983,6,18,14:16:28,-3.6276,37.7638,10.2,4.5
1983,4,6,02:27:55,-5.4347,33.3075,8.7,4.0
1983,6,26,10:07:43,-5.2963,37.8008,10.1,4.7
1983,4,20,22:15:45,-8.5778,30.2913,12.0,4.5
1983,7,24,08:34:50,-2.328,33.0024,7.7,4.9
1983,5,14,19:59:38,-6.6821,32.6369,12.2,4.6
1983,12,26,01:58:19,-9.4781,38.5059,14.8,4.6
1983,8,24,09:38:27,-12.5895,37.2409,14.8,4.8
1983,10,8,13:23:34,-4.2053,37.4612,10.0,4.5
1983,9,23,09:52:55,-11.2879,37.9596,14.5,4.6
1983,10,15,14:54:38,-7.1757,32.6918,12.3,4.6
1983,9,12,11:37:18,-10.4242,39.3862,15.0,4.5
1984,8,13,12:16:48,-3.4631,33.3972,7.8,4.9
1984,12,7,07:24:12,-2.8565,35.8334,7.9,4.9
1984,6,6,07:54:07,-7.6462,29.6396,11.3,4.5
1984,1,27,04:51:24,-6.1472,29.1583,11.8,4.5
1984,10,18,16:19:51,-2.3784,32.4951,7.8,4.6
1984,10,8,17:26:44,-6.3805,30.7383,9.4,4.4
1984,5,17,15:54:01,-3.8156,35.2177,10.1,4.8
1984,2,13,10:20:29,-0.207,35.014,9.7,4.6
1984,12,21,22:51:29,-4.853,34.0719,7.9,5.0
1984,12,1,12:13:56,-9.0124,39.2423,14.8,4.5
1984,3,11,06:42:30,-9.658,38.7963,14.6,4.7
1984,6,22,17:37:36,-3.6548,30.9536,10.3,4.5
1984,8,17,20:50:01,-8.4865,34.165,9.5,4.1
1984,12,2,05:54:36,-1.1617,35.793,7.7,4.8
1984,3,26,02:45:39,-8.6546,37.7557,10.3,4.8
1984,4,6,11:26:08,-11.2477,35.9475,14.9,4.5
1984,2,3,23:53:41,-11.6664,38.4894,15.0,4.7
1984,3,26,15:48:14,-9.9457,37.4228,9.5,4.2
1984,4,12,22:03:22,-6.9435,37.866,10.3,4.6
1984,9,20,16:51:21,-11.2543,37.0018,14.8,4.5
1984,4,15,13:24:20,-8.2696,35.4429,9.5,4.6
1984,4,27,17:20:27,-6.6136,30.1735,12.4,4.4
1984,4,17,07:54:10,-0.1793,35.3429,10.6,4.0
1984,6,5,08:58:47,-5.4099,31.6301,9.3,4.4
1984,7,26,12:58:07,-3.2504,39.5911,9.6,4.6
1984,2,23,19:24:11,-6.1993,32.4975,9.8,4.7
1984,6,10,20:14:16,-7.1534,27.8095,12.1,4.4
1984,10,13,16:37:16,-4.9581,30.7084,7.8,4.9
1984,6,27,12:48:30,-6.1863,35.905,10.3,4.6
1984,10,20,05:05:58,-3.216,31.7553,8.2,4.8
1984,12,23,14:18:42,-7.1805,29.6535,11.9,4.6
1984,12,8,23:16:06,-3.3293,31.9662,7.4,4.9
1984,5,16,14:46:03,-3.072,34.4149,10.7,4.9
1984,6,8,23:14:42,-11.8253,37.5206,15.0,4.8
1984,3,10,05:17:49,-2.4622,32.5802,8.4,4.9
1984,6,24,13:43:03,-7.2741,31.5296,10.1,4.7
1984,9,5,09:19:05,-14.6003,34.6892,10.0,4.1
1984,4,17,08:18:04,-1.097,33.3711,8.3,4.9
1984,7,11,12:58:41,-6.6751,38.8424,9.7,4.2
1984,9,23,09:18:46,-10.2711,35.7624,14.5,4.6
1984,9,10,13:41:56,-13.42,40.0688,14.9,4.6
1984,11,21,20:21:44,-6.4047,32.7152,11.9,4.5
1984,6,27,10:15:48,-4.7528,34.4128,10.0,4.7
1984,12,28,12:03:38,-2.8894,32.3251,8.0,4.7
1984,7,14,07:59:11,-6.5525,28.3251,12.1,4.5
1984,5,26,15:35:27,-3.8988,34.0744,8.2,4.7
1984,5,3,14:35:46,-1.9696,31.7288,8.0,4.7
1985,4,25,05:35:01,-3.4788,35.5137,9.8,4.7
1985,2,13,10:53:28,-9.4123,37.3638,14.5,4.8
1985,6,20,14:14:56,-10.4754,39.0006,14.9,4.5
1985,5,22,03:28:43,-10.5712,39.9393,15.1,4.6
1985,5,19,20:31:01,-7.6259,25.1564,12.4,4.5
1985,7,21,10:23:00,-10.7931,28.7133,12.3,4.6
1985,8,4,11:18:25,-6.9487,33.8896,9.8,4.7
1985,1,22,01:48:15,-6.6303,30.7401,12.3,4.4
1985,12,10,07:32:12,-10.5201,29.1398,11.8,4.6
1985,10,25,01:11:39,-7.5683,28.3797,11.8,4.7
1985,11,2,13:01:28,-9.629,33.1351,11.6,4.6
1985,5,18,23:13:33,-9.5012,35.6768,9.8,4.4
1985,4,24,00:44:35,-9.1974,33.7049,9.3,4.7
1985,7,14,05:11:15,-9.3403,28.8318,12.3,4.7
1985,12,2,04:44:26,-5.3337,33.8307,9.8,4.6
1985,6,23,07:12:58,-11.5365,36.2566,15.2,4.4
1985,2,13,04:59:26,-5.5746,37.6542,9.6,4.7
1985,6,26,15:34:19,-4.7225,32.8976,8.0,4.8
1985,4,6,07:28:47,-5.8972,31.7257,10.0,4.4
1985,4,9,06:03:50,-1.7179,34.9789,8.1,4.6
1985,12,20,14:52:44,-7.8207,29.719,12.3,4.6
1985,12,9,19:55:18,-6.8498,33.8342,11.3,4.3
1985,2,11,18:05:45,-6.0221,36.0695,10.1,4.4
1985,6,15,23:06:10,-4.2277,35.3917,10.1,4.8
1985,5,24,15:56:12,-8.0768,38.4353,9.9,4.6
1985,1,7,13:57:10,-9.0718,38.6569,9.3,4.8
1985,10,25,21:28:18,-6.2901,34.4408,10.1,4.7
1985,8,25,18:37:41,-7.303,28.3931,11.7,4.3
1985,2,17,08:09:09,-2.4684,33.7218,10.0,4.7
1985,5,28,01:03:16,-12.7333,40.4445,14.8,4.6
1985,3,8,23:18:35,-7.8771,28.8829,12.3,4.6
1985,3,15,03:36:16,-1.6602,35.7778,7.9,4.7
1985,4,18,20:06:00,-7.2309,32.4424,12.7,4.5
1986,3,5,17:30:36,-8.9402,29.3116,10.6,4.6
1986,5,15,01:51:38,-5.902,29.8632,11.8,4.6
1986,10,1,11:58:30,-8.3354,29.566,12.5,4.5
1986,6,2,11:05:41,-4.9578,38.5858,10.5,4.3
1986,12,28,18:54:48,-10.5785,40.352,9.9,4.6
1986,11,10,06:57:14,-4.8396,35.7006,9.8,4.8
1986,6,12,14:37:12,-3.5898,32.3216,7.9,4.6
1986,3,21,02:44:07,-6.9954,36.5083,9.8,4.1
1986,10,11,15:45:07,-6.2834,34.4713,9.2,4.8
1986,7,11,05:46:04,-4.5185,36.2219,9.7,4.7
1986,12,25,18:55:26,-6.9646,31.3013,9.4,4.5
1986,9,2,15:02:25,-0.5288,31.3242,9.6,4.5
1986,2,2,09:54:44,-11.9558,37.9388,15.0,4.6
1986,3,3,06:52:25,-3.492,35.3734,8.4,4.9
1986,7,22,22:55:53,-7.4583,36.5759,9.0,4.0
1986,11,20,16:36:25,-10.8428,40.6229,15.3,4.7
1986,12,22,21:15:27,-7.6244,41.4376,10.4,4.8
1986,9,1,05:22:50,-9.2264,40.6745,14.7,4.6
1986,1,21,06:22:26,-1.8811,35.7202,7.9,4.8
1986,11,9,20:44:56,-8.2791,27.2612,12.0,4.5
1986,5,22,20:27:16,-3.8587,39.4328,9.2,4.4
1986,7,21,02:32:23,-10.7992,29.9471,12.2,4.6
1986,4,25,12:48:59,-13.3314,39.9594,15.3,4.7
1986,6,19,08:00:41,-7.6587,31.4828,11.9,4.7
1986,6,21,05:31:40,-7.2129,29.0692,11.7,4.3
1986,8,20,08:30:14,-1.6066,34.2291,8.2,4.9
1986,2,15,01:28:12,-8.3747,38.9909,15.7,4.5
1986,5,11,02:36:41,-6.9807,36.6519,10.1,4.6
1986,4,7,01:53:55,0.2874,34.6242,10.3,4.3
1986,10,19,04:54:30,-2.2593,36.1985,9.7,4.3
1986,7,6,02:57:34,-8.6109,29.7465,12.6,4.4
1986,8,9,03:14:24,-6.4257,27.6706,12.2,4.6
1986,3,17,15:46:53,-3.5159,33.607,8.0,4.8
1986,7,27,09:33:35,-9.7236,36.7552,15.8,4.5
1986,3,2,02:10:37,-10.5999,37.7509,14.7,4.7
1986,8,19,19:47:31,-3.1961,33.5587,8.3,4.8
1986,3,22,12:39:06,-8.2619,35.2056,10.6,4.8
1986,11,10,20:32:49,-2.3234,34.3473,9.2,4.4
1986,3,20,14:34:51,-1.7194,35.4343,10.4,4.6
1986,7,18,17:53:13,-11.4883,40.3074,15.1,4.7
1986,3,15,12:40:33,-2.8894,33.3072,7.6,4.8
1986,1,2,14:43:13,-9.0603,33.6281,9.9,4.4
1986,11,22,01:16:36,-8.2155,27.9343,11.8,4.5
1986,5,16,17:57:48,-13.4592,41.5018,15.4,4.6
1986,6,17,06:24:04,-8.6948,36.6416,14.4,4.7
1987,9,2,08:42:35,-7.3421,34.0992,9.6,4.1
1987,1,1,23:03:03,-9.0872,30.855,12.1,4.6
1987,4,28,05:15:33,-0.8264,30.5821,7.8,4.8
1987,1,5,10:38:41,-6.8014,27.6624,12.0,4.5
1987,4,3,06:55:17,-3.8067,38.2997,9.9,4.3
1987,4,18,10:28:20,-8.4227,37.3227,10.0,4.5
1987,6,8,00:53:48,-4.4888,34.0931,10.3,4.6
1987,6,11,19:28:50,-12.6942,38.7734,14.5,4.5
1987,8,22,02:55:54,-8.6938,31.583,12.3,4.4
1987,6,8,15:27:00,-7.399,37.7233,14.9,4.5
1987,2,14,12:03:13,-6.9884,34.6277,9.9,5.0
1987,12,6,21:31:40,-0.5021,34.2361,7.9,4.6
1987,1,23,22:25:12,-8.3705,28.4519,11.8,4.6
1987,2,23,00:15:22,-6.3573,35.9738,10.2,4.4
1987,2,1,08:40:22,-11.0194,39.9219,14.7,4.7
1987,6,7,09:06:25,-4.3078,37.5564,10.9,4.6
1987,10,19,11:55:15,-12.3884,38.5181,15.1,4.6
1987,10,2,03:49:06,-1.7807,34.603,8.0,4.6
1987,11,21,05:40:44,-7.1885,36.8814,10.0,4.6
1987,9,4,16:16:52,-8.8156,29.5669,11.7,4.5
1987,8,10,12:16:17,-6.9918,28.6761,12.3,4.6
1987,4,18,19:55:55,-3.4951,29.3357,10.0,4.4
1987,9,26,13:27:48,-12.3316,37.6781,15.1,4.7
1987,3,11,16:54:25,-8.2546,35.7923,9.5,4.6
1988,8,22,00:48:24,-4.5588,38.9288,10.2,4.0
1988,4,16,06:40:13,-7.9562,35.0274,15.6,4.6
1988,3,20,03:25:10,-8.6097,34.1405,12.0,4.5
1988,8,2,11:25:20,-8.5554,37.9025,15.5,4.7
1988,2,20,19:58:45,-12.1038,36.0631,14.7,4.6
1988,12,14,05:12:35,-8.8081,38.726,14.5,4.6
1988,3,6,19:26:52,-9.4496,39.7787,14.7,4.6
1988,5,23,20:36:08,-7.9086,36.2011,15.2,4.6
1988,6,8,09:23:34,-5.2638,31.9912,10.2,4.7
1988,9,10,16:16:02,-2.4931,33.2786,7.5,4.8
1988,5,22,03:17:04,-4.0572,32.9544,8.2,4.6
1988,9,12,08:01:07,-9.2299,40.3739,15.2,4.5
1988,10,12,13:47:53,-12.1484,38.1479,14.9,4.7
1988,10,6,05:53:43,-7.0189,35.5911,9.0,4.3
1988,8,21,23:05:20,-5.5,30.5915,11.8,4.5
1988,11,10,13:56:51,-7.114,31.9669,7.9,4.8
1988,5,2,17:46:32,-9.4984,30.3259,12.0,4.5
1988,8,8,11:52:09,-6.699,35.6649,14.5,4.7
1988,3,18,04:29:18,-5.0732,36.6666,9.7,4.8
1988,5,26,21:12:18,-4.4658,31.1058,8.3,4.7
1988,12,28,17:12:36,-9.4528,30.0603,12.1,4.6
1988,5,11,09:51:12,-8.6307,31.5484,11.9,4.6
1989,3,15,15:35:20,-8.1265,31.9875,11.7,4.7
1989,1,27,06:39:12,-9.1433,35.8282,15.0,4.6
1989,1,28,08:11:04,-9.3939,38.7171,14.6,4.5
1989,10,6,03:52:32,-2.4821,33.3513,9.2,4.8
1989,3,22,18:09:11,-4.5941,34.0325,10.0,4.7
1989,9,21,17:42:34,-9.0094,29.0147,10.2,4.1
1989,2,15,09:15:11,-3.7566,33.725,10.4,4.5
1989,11,24,02:45:41,-9.9341,29.8386,11.7,4.4
1989,9,4,06:22:01,-5.4377,31.6402,12.5,4.5
1989,3,11,01:54:23,-5.0645,33.4388,10.8,4.5
1989,12,4,02:21:48,-5.9646,30.6048,12.0,4.7
1989,4,15,22:27:15,-4.549,35.622,9.8,4.6
1989,4,4,19:51:18,-1.1068,33.0165,8.3,4.9
1989,9,13,06:04:57,-1.2633,32.2748,8.0,4.7
1989,1,7,13:20:29,-5.9649,28.4194,11.7,4.6
1989,3,4,17:32:12,-6.0338,32.9074,10.0,4.7
1989,10,6,00:06:57,-6.4357,37.6941,8.9,5.1
1989,6,25,18:32:00,-14.5753,38.9368,15.1,4.5
1989,6,13,22:19:51,-9.2075,30.245,11.9,4.4
1989,1,2,18:18:55,-8.2429,30.7054,12.2,4.6
1989,3,17,04:38:17,-2.1028,33.241,8.6,4.8
1989,5,18,09:56:18,-2.3193,32.495,7.9,4.7
1989,3,22,18:44:11,-5.0266,35.5662,10.0,4.6
1989,7,28,21:17:47,-4.1566,32.2118,9.5,4.4
1989,12,8,21:30:33,-2.6774,35.313,10.0,4.2
1989,8,19,02:17:04,-8.5971,29.0009,12.5,4.6
1989,7,16,19:37:54,-10.8714,29.0218,12.6,4.6
1989,2,10,14:29:43,-9.3723,37.0119,15.0,4.8
1990,2,6,12:57:50,-7.0266,38.0352,9.7,4.4
1990,3,22,21:09:50,-8.5409,38.9355,14.5,4.6
1990,10,7,23:16:51,-12.3099,37.8536,15.2,4.6
1990,5,8,15:53:34,-7.2374,35.0474,9.6,4.4
1990,1,3,16:40:01,-11.3032,37.7669,14.7,4.7
1990,11,23,02:34:59,-10.9403,37.1421,15.0,4.8
1990,6,16,12:34:02,-8.2653,42.0986,14.4,4.5
1990,2,3,07:30:10,-6.5682,30.3148,12.6,4.7
1990,2,16,11:06:38,-6.9306,34.0802,9.4,4.7
1990,2,22,19:24:14,-4.7193,36.9703,10.0,4.4
1990,5,7,17:37:53,-3.0742,34.9955,10.2,4.6
1990,12,18,22:32:15,-10.8849,29.9876,11.9,4.4
1990,5,23,20:38:44,1.7046,30.598,7.7,4.9
1990,7,10,14:52:58,-10.145,38.1355,9.1,4.6
1990,6,26,18:38:03,-2.2961,28.0041,8.2,4.8
1990,6,14,01:26:35,-9.5119,37.7301,15.2,4.7
1990,7,1,10:37:19,-1.9015,38.9556,10.0,4.2
1990,6,10,17:11:35,-1.1691,33.563,8.0,4.9
1990,10,6,11:25:07,-4.5268,34.5899,10.2,4.7
1990,8,16,22:42:20,-3.4898,33.1785,8.3,4.8
1990,9,11,07:07:32,-5.926,40.2934,9.2,4.5
1990,8,20,07:57:45,-11.8215,36.6725,14.9,4.7
1990,6,16,03:19:44,-1.675,36.3517,10.3,4.7
1990,6,14,20:32:56,-8.1988,30.928,12.0,4.4
1990,5,10,06:41:35,-5.4815,32.3382,8.1,4.8
1990,6,3,05:57:05,-7.4172,28.68,11.7,4.6
1990,4,7,23:47:19,-5.3197,32.806,10.2,4.7
1990,8,22,11:44:25,-6.2239,34.8863,10.2,4.7
1990,11,17,18:53:14,-9.36,37.0521,15.3,4.6
1990,5,3,12:09:10,-3.9401,34.2456,10.3,4.6
1990,1,5,15:14:01,-3.2414,35.0541,8.2,4.7
1990,8,3,15:29:53,-3.9479,34.3939,9.2,4.7
1990,6,24,10:44:51,-3.2707,31.5028,7.9,4.8
1990,9,18,21:01:20,-8.5492,34.9271,9.5,4.3
1990,12,19,08:30:13,-12.1113,39.2529,15.0,4.6
1990,4,2,18:40:18,-6.3411,31.968,11.7,4.6
1990,12,3,04:16:57,-6.5997,38.9284,9.0,4.4
1990,9,25,17:13:24,-4.8228,36.5388,9.8,4.4
1990,1,12,06:15:10,-9.0153,39.7133,14.9,4.4
1990,10,20,15:24:56,-3.2549,33.3107,8.0,4.7
1990,2,12,04:53:04,-7.367,36.6305,14.9,4.6
1990,9,9,01:02:45,-7.7637,33.6405,10.3,4.3
1990,2,18,12:45:04,-3.8616,34.364,8.1,4.6
1990,7,6,21:54:02,-9.7458,38.063,15.4,4.6
1990,10,17,09:11:48,-1.8558,34.2664,10.6,4.4
1991,2,11,07:33:56,-3.4588,33.1331,7.6,4.8
1991,8,19,22:26:39,-4.0806,31.7707,9.1,4.8
1991,9,1,18:36:18,-1.2566,28.3459,8.0,4.7
1991,12,21,04:48:25,-9.4581,40.0691,14.8,4.6
1991,2,21,15:12:38,-2.4122,34.3741,7.8,4.4
1991,11,9,07:27:09,-5.7879,37.0266,15.5,4.6
1991,7,12,02:13:21,-7.5711,29.7167,12.1,4.5
1991,10,21,22:58:08,-9.5085,34.1459,9.8,4.6
1991,1,19,02:17:38,-8.4921,29.8673,11.9,4.7
1991,11,28,17:11:12,-11.9137,39.2,15.3,4.7
1991,3,16,21:14:59,-3.2622,33.8527,9.7,4.7
1991,10,3,13:24:47,-5.6258,35.3987,10.3,4.7
1991,1,21,09:58:05,-1.8001,33.4315,7.7,4.8
1991,6,23,04:08:20,-8.5468,37.9365,14.8,4.7
1991,7,5,20:57:04,1.3174,38.5068,10.3,4.5
1991,9,2,05:40:56,-5.0876,36.3745,10.1,4.7
1991,9,19,02:11:29,-2.5056,34.9987,10.1,4.1
1991,8,18,19:59:15,-7.5596,28.5224,12.2,4.6
1991,7,18,12:59:58,-10.1942,38.1316,14.7,4.6
1991,10,24,17:48:17,-7.7469,35.5675,9.3,4.2
1991,2,23,20:13:14,-8.9746,35.4406,9.2,4.4
1991,4,19,20:38:55,-5.6734,32.7349,9.6,4.5
1991,6,17,18:26:05,-3.6744,32.736,8.6,4.9
1992,1,16,06:15:34,-9.1155,29.4924,11.7,4.5
1992,1,9,05:23:26,-10.361,37.1925,14.7,4.8
1992,6,7,00:54:00,-3.9342,31.5702,9.8,4.4
1992,10,22,06:45:57,-5.4691,37.2091,10.6,4.4
1992,2,14,17:36:25,-3.0438,30.821,8.2,4.7
1992,7,19,11:14:30,-3.5756,33.2384,8.0,4.9
1992,2,6,22:58:25,-5.1231,37.6265,9.9,4.5
1992,7,18,13:53:09,-11.2358,37.5293,15.1,4.7
1992,8,28,10:38:24,-2.2104,31.3967,8.2,4.7
1992,12,18,22:12:04,-8.0094,35.9851,9.7,4.5
1992,2,1,07:50:48,-10.1478,29.6084,12.6,4.6
1992,7,28,13:43:29,-5.8067,34.2885,8.0,5.0
1992,2,8,14:14:10,-8.0222,37.7968,10.4,4.8
1992,2,11,21:41:34,-9.0379,37.2223,14.8,4.8
1992,8,10,21:44:52,-6.0415,37.2269,10.4,4.3
1992,5,2,06:39:27,-2.7695,30.1438,7.9,4.8
1992,9,7,05:27:04,-7.4467,34.1915,9.7,4.3
1992,8,3,22:06:22,-2.5053,32.8687,7.9,4.6
1992,2,9,15:44:41,-5.6512,31.6728,10.3,4.6
1992,8,10,03:50:18,-8.1141,28.5934,11.9,4.4
1992,2,11,15:01:11,-5.6101,36.6831,9.6,4.7
1992,9,15,01:28:32,-6.8332,32.673,9.0,4.7
1993,8,13,18:31:26,-2.1214,35.1372,8.3,4.8
1993,9,10,01:08:55,-9.5028,35.7213,14.9,4.8
1993,6,11,15:07:38,-2.8757,30.6504,9.3,4.8
1993,2,15,11:16:32,-5.1421,33.0213,9.9,4.6
1993,5,26,20:04:09,-11.3931,39.8692,14.7,4.6
1993,10,9,16:40:02,1.5861,34.0277,7.8,4.7
1993,7,24,07:00:55,-7.5244,32.9236,11.5,4.6
1993,6,11,22:03:51,-5.0698,36.9247,10.0,4.3
1993,10,8,08:40:33,-5.4409,28.8026,12.1,4.5
1993,2,28,14:30:39,-7.3918,35.2426,8.9,4.4
1993,11,25,12:54:20,-9.688,39.2118,15.1,4.5
1993,3,13,06:36:54,-4.4112,38.9272,10.6,4.6
1993,12,16,13:26:47,-6.0113,31.4033,11.7,4.6
1993,4,16,16:15:18,-9.3471,39.3641,14.9,4.7
1993,1,15,08:38:41,-9.8031,34.7431,15.3,4.6
1993,12,11,19:34:33,-3.6993,37.4568,9.5,4.6
1993,10,20,21:30:42,-7.5535,29.1694,12.4,4.5
1993,9,26,15:53:45,-3.1517,35.1401,10.5,4.9
1993,2,11,21:39:32,-3.5696,30.571,9.6,4.4
1993,6,25,02:58:37,-8.8307,30.2067,12.7,4.5
1993,11,17,03:22:31,-4.1474,33.1601,9.8,4.7
1993,5,17,07:39:53,-5.1936,34.8782,10.1,4.5
1993,6,16,07:47:17,-3.5246,39.2025,9.2,4.0
1993,7,1,16:35:20,-0.4544,32.0332,7.5,4.8
1993,7,1,06:57:23,-11.6509,37.5551,15.2,4.7
1993,3,10,04:38:23,-11.9424,39.5557,14.5,4.7
1993,2,7,14:56:10,-4.7545,36.1099,8.9,4.5
1993,5,17,20:43:59,-7.4798,42.0463,9.9,4.5
1993,8,6,06:56:38,-2.8036,33.2853,10.4,4.5
1994,9,5,06:08:24,-5.2945,34.5469,10.1,4.7
1994,5,20,00:51:02,-7.2763,35.015,9.4,4.6
1994,7,22,04:03:35,-8.6308,39.2282,9.3,4.3
1994,7,20,00:13:55,-4.9516,31.9792,10.5,4.3
1994,12,8,23:02:24,-5.2838,33.1579,9.7,4.5
1994,11,13,00:04:25,-8.5612,30.3507,11.7,4.8
1994,3,16,13:11:27,-8.3091,34.2969,10.3,4.6
1994,11,25,01:09:09,-6.3176,37.5989,10.2,4.5
1994,1,6,17:21:40,-7.739,30.3989,11.8,4.6
1994,6,22,02:41:00,-7.5439,34.4305,10.1,4.4
1994,7,7,10:35:51,-4.5991,33.0694,10.1,4.9
1994,7,9,09:59:01,-2.1344,35.6424,10.2,4.6
1994,4,28,09:37:46,-6.0305,39.3993,9.7,4.6
1994,2,8,19:33:42,-10.0533,33.6101,8.7,4.1
1994,3,2,20:19:22,-7.8115,29.6152,11.4,4.6
1994,5,11,23:59:30,-8.1881,36.6573,15.3,4.6
1994,1,17,10:50:34,-12.0322,39.1877,15.4,5.0
1994,3,20,09:58:41,-9.1597,36.1773,10.3,4.5
1994,1,24,09:01:16,-4.507,31.3727,8.5,4.7
1994,3,4,07:44:03,-1.3401,32.5231,7.8,4.8
1994,3,16,14:06:15,-8.6949,38.908,14.9,4.8
1994,2,15,19:59:17,-3.3707,35.6014,10.0,4.6
1994,2,27,23:01:47,-9.4976,29.2598,12.2,4.6
1994,10,21,08:59:46,-2.1251,34.9636,8.1,4.8
1994,7,24,22:43:24,-10.846,32.3345,8.8,4.6
1994,2,9,13:35:35,-9.5296,28.3988,11.9,4.5
1994,6,12,15:50:39,-11.1329,37.4581,15.1,4.8
1994,7,21,00:14:03,-5.1032,34.9593,10.0,4.6
1994,6,20,00:12:00,-9.3794,38.5823,15.4,4.7
1994,11,28,09:31:34,-3.9561,32.52,7.8,4.8
1994,11,18,04:05:29,-9.0224,39.3191,14.5,4.6
1994,6,26,02:08:21,-3.1696,35.3648,7.9,4.7
1994,12,1,20:07:47,-9.2576,31.2631,12.0,4.5
1994,3,15,05:58:10,-10.7389,31.3396,9.7,4.6
1994,9,14,18:30:41,-7.3875,40.6395,15.3,4.7
1994,1,6,10:15:29,-6.564,35.2652,10.0,4.7
1994,10,10,08:35:22,-10.2717,39.2625,10.1,4.4
1994,9,13,20:31:53,-9.4247,31.0401,9.6,4.3
1995,12,5,08:00:40,-10.0083,33.6912,10.2,4.3
1995,2,11,08:02:28,-8.9599,37.9127,14.7,4.6
1995,3,8,07:30:02,-6.4686,26.7285,9.0,4.3
1995,5,12,04:31:10,-5.0285,31.6084,7.9,4.9
1995,12,8,05:46:29,-9.7077,39.6188,10.3,4.7
1995,12,9,12:47:25,0.1335,38.3615,9.8,4.3
1995,10,28,20:01:09,-7.3792,35.0689,10.0,4.6
1995,1,17,23:29:12,-3.5395,29.1916,9.7,4.5
1995,4,16,13:15:58,-4.9781,33.9629,9.8,4.2
1995,1,13,14:06:14,-2.7444,29.1499,8.5,4.7
1995,9,20,21:23:56,-5.1593,31.6549,11.9,4.6
1995,7,5,22:24:07,-6.8814,30.1015,12.1,4.6
1995,6,14,03:17:46,-9.4757,38.6634,15.4,4.5
1995,11,17,04:06:18,-1.6658,33.9226,8.2,4.6
1995,5,3,08:57:40,-3.9786,34.2484,10.1,4.6
1995,8,23,12:14:42,-6.8587,28.6063,12.2,4.5
1995,2,12,15:36:19,-3.6424,30.2263,10.5,4.4
1995,1,14,00:16:24,-3.0046,33.0621,10.4,4.6
1995,2,16,00:01:13,-4.3275,35.0802,9.5,4.3
1995,7,15,18:07:33,-4.93,30.3781,11.9,4.6
1995,5,10,00:03:31,-8.7269,28.1585,12.6,4.4
1996,6,15,09:40:26,-7.0141,31.1912,10.2,4.9
1996,5,18,14:37:38,-10.45,40.6047,15.0,4.6
1996,10,9,09:09:47,-5.6041,36.1276,9.7,4.4
1996,5,20,04:55:11,-8.6457,36.8836,10.0,4.3
1996,8,12,21:23:50,-5.3899,33.2626,10.3,4.5
1996,8,6,06:22:31,-9.9689,29.862,12.1,4.6
1996,3,3,00:20:30,-2.5013,34.5623,7.8,4.8
1996,5,1,19:18:32,-7.7879,40.3446,15.0,4.8
1996,6,20,08:36:19,-5.986,35.8904,10.0,4.8
1996,11,21,23:58:05,-0.556,30.6139,10.5,4.7
1996,5,27,18:23:25,-4.4691,33.739,9.5,4.7
1996,4,12,12:58:28,-7.7508,41.3746,8.9,4.2
1996,10,8,02:26:24,-5.2514,36.2227,10.0,4.4
1996,5,19,14:07:37,-3.7743,36.5715,9.7,4.6
1996,9,19,04:54:30,-8.8431,33.5007,9.3,4.5
1996,5,25,16:51:06,-2.0347,32.8131,7.9,4.8
1996,1,7,09:08:58,-7.1658,32.1775,9.8,4.6
1996,2,24,13:47:06,-9.3378,36.698,15.1,4.6
1996,9,1,10:49:45,-8.6967,38.6529,15.1,4.6
1996,11,11,05:00:53,-4.2577,28.373,9.6,4.9
1997,10,5,03:31:33,-10.4355,38.2735,15.0,4.6
1997,1,1,14:32:37,-6.444,29.6876,11.8,4.5
1997,1,16,07:48:46,-4.9853,33.372,10.0,4.5
1997,10,10,02:48:18,-10.584,38.3318,15.0,4.5
1997,12,20,17:02:42,-7.6761,36.4777,10.4,4.5
1997,11,23,19:37:23,-11.6653,37.4972,15.4,4.6
1997,6,12,16:24:27,-5.6229,33.576,10.2,4.4
1997,9,27,12:34:52,-3.8267,31.8792,10.0,4.1
1997,4,22,21:54:16,-4.2083,32.9095,10.2,4.7
1997,11,5,13:48:34,-7.5549,28.4866,12.3,4.6
1997,8,28,00:43:35,-11.4617,38.8699,15.3,4.8
1997,11,2,09:43:07,-11.5052,29.4079,12.8,4.5
1997,3,7,08:18:44,-9.5957,28.5359,11.9,4.4
1997,1,14,15:10:32,-7.9487,30.4405,11.7,4.7
1997,12,21,10:15:18,-3.1659,33.0564,8.0,4.9
1997,7,22,21:04:42,-9.6782,31.3459,12.1,4.5
1997,1,21,18:20:51,-13.1822,37.9116,14.4,4.5
1997,5,4,20:51:50,-11.415,37.0005,15.1,4.5
1997,2,1,02:52:57,-3.4579,31.9643,8.4,4.9
1997,2,27,00:21:47,-9.889,40.0059,14.9,4.8
1997,5,26,08:57:34,-10.8712,35.8711,9.4,4.5
1997,1,22,13:48:56,-5.2496,35.7429,7.8,4.6
1997,6,7,00:32:28,-12.1283,35.5064,15.1,4.8
1997,10,24,09:40:30,-2.9429,34.7908,8.0,4.5
1997,1,2,00:55:04,-4.3596,32.3637,7.9,4.4
1998,5,7,00:04:48,-11.3599,38.8599,14.8,4.6
1998,1,4,06:53:25,-9.7392,33.7867,14.8,4.7
1998,10,9,02:59:50,-8.2034,38.6615,14.7,4.6
1998,9,13,01:06:47,-4.9609,34.9882,9.3,4.7
1998,5,7,19:07:41,-3.369,33.3804,7.8,4.4
1998,9,10,05:16:59,-3.8584,33.3738,9.6,4.8
1998,4,8,16:30:36,-9.1924,39.4075,15.0,4.7
1998,3,5,06:32:30,-7.8561,35.4052,10.4,4.7
1998,2,19,19:19:55,-8.478,37.2197,15.3,4.5
1998,1,16,18:20:21,-9.0994,27.2766,12.7,4.5
1998,11,1,00:11:05,-5.6499,38.0853,9.6,4.6
1998,7,8,18:17:49,-7.3947,38.4716,10.3,4.2
1998,11,21,15:24:31,-4.8371,35.9149,10.1,4.7
1998,3,3,00:56:21,-2.829,32.3865,7.8,4.8
1998,1,24,01:45:02,-10.4339,36.2339,15.1,4.5
1998,6,17,22:53:35,-3.0738,35.0706,9.2,4.3
1998,1,12,03:52:12,-11.0869,38.2515,15.2,4.7
1998,5,17,08:05:24,-5.3448,33.9822,10.3,4.6
1998,8,11,17:55:35,-4.358,35.6399,10.3,4.6
1998,3,7,03:34:14,-5.8198,33.3316,8.1,4.7
1998,8,1,09:27:56,-8.1982,34.9903,10.1,4.5
1998,10,16,03:32:19,-1.9921,33.2318,7.8,5.0
1998,6,4,18:30:30,-0.4457,36.4615,9.5,4.7
1998,5,23,05:25:01,-7.4728,33.922,9.8,4.6
1998,6,16,22:10:16,-5.6906,34.0119,10.2,4.7
1998,11,19,07:13:23,-0.9401,42.9595,10.2,4.5
1998,2,10,00:35:56,-5.0806,34.4581,9.8,4.6
1998,6,25,17:05:17,-10.3149,36.3089,15.2,4.5
1998,6,23,18:56:12,-2.7796,31.7098,8.0,4.8
1998,10,3,22:09:18,-0.2639,34.7361,9.4,4.2
1998,9,12,14:39:06,-7.9333,31.5677,11.9,4.5
1998,12,1,03:41:02,-2.9985,34.94,7.7,4.9
1998,7,1,15:23:04,-7.2745,33.4217,10.1,4.6
1998,2,12,02:25:56,-8.1318,33.4916,10.0,4.3
1998,12,2,00:38:42,-3.2412,31.4943,8.0,4.6
1998,3,12,02:10:43,-9.9159,39.0023,15.1,4.9
1998,3,5,21:16:13,-6.9982,34.5911,10.6,4.7
1998,3,22,15:17:06,-4.1061,32.8333,8.4,4.7
1998,3,11,04:01:41,-4.9732,31.867,10.2,4.3
1998,10,24,11:56:05,-4.2874,35.5527,9.5,4.6
1998,2,16,19:21:03,-10.8401,36.2005,15.7,4.9
1998,6,3,15:14:42,-8.0963,28.9179,12.3,4.6
1998,3,20,12:53:34,2.2142,32.373,9.5,4.6
1999,1,19,18:54:22,-6.0958,35.3784,8.8,4.1
1999,11,24,05:10:02,-5.0631,33.4293,9.7,3.9
1999,1,7,11:30:31,-4.15,33.5912,7.9,4.6
1999,12,24,14:05:32,-3.9202,33.8165,8.2,4.8
1999,8,12,12:29:43,-0.0207,34.3746,7.9,4.7
1999,3,6,15:01:30,-6.4293,35.6333,9.5,4.5
1999,12,5,22:28:29,-7.0515,37.0554,9.8,4.2
1999,1,25,08:52:40,-4.5815,33.6907,8.0,4.9
1999,8,20,09:12:28,-8.7427,36.7246,10.2,4.2
1999,11,2,17:40:01,-9.3402,30.636,12.2,4.6
1999,2,10,10:28:16,-11.3391,36.3278,15.3,4.8
1999,8,27,01:56:13,-11.8738,37.8317,9.4,4.6
1999,6,22,09:43:20,-4.6844,30.979,9.5,4.6
1999,2,5,19:07:06,-2.387,33.7496,7.6,4.7
1999,5,14,02:17:23,-1.9385,30.1666,9.6,4.4
1999,3,1,07:11:58,-5.5261,34.4739,9.3,4.4
1999,4,5,21:27:38,-1.5193,34.0233,7.5,4.6
1999,7,2,10:33:32,-13.0301,35.8951,14.9,4.7
1999,10,15,09:28:56,-3.1866,36.2832,10.2,4.1
1999,3,1,22:30:05,-4.3931,36.3877,10.0,4.8
1999,10,11,23:28:02,-10.9878,35.824,15.1,4.5
1999,12,14,07:42:03,-6.2452,35.516,10.2,4.6
1999,2,14,15:53:42,-6.1907,36.2921,10.1,4.2
1999,6,25,15:17:22,-10.419,28.9098,11.7,4.6
1999,4,19,01:08:11,-4.14,32.4927,8.2,4.7
1999,9,22,09:15:41,-3.2742,34.796,9.9,4.6
1999,9,27,18:49:03,-7.4539,37.4207,10.1,4.6
1999,6,11,13:15:58,-9.5191,37.01,15.3,4.6
1999,7,22,22:30:18,-6.6066,31.2874,8.5,4.4
1999,7,23,05:00:07,-4.713,34.1805,10.0,4.8
1999,12,6,16:49:36,-4.1653,32.2434,7.4,4.8
1999,8,16,10:31:05,-10.2918,28.3528,11.7,4.7
1999,1,25,01:38:09,-5.756,35.9826,9.7,4.7
1999,3,26,14:11:20,-5.0724,36.2469,9.4,4.4
1999,10,27,14:21:58,-6.6916,35.5888,10.2,4.0
1999,5,27,04:03:21,-2.5739,29.7939,7.8,4.7
1999,5,3,04:36:36,-3.6973,32.9164,9.9,4.8
1999,8,7,07:52:55,-4.93,35.9304,7.9,4.8
1999,6,26,13:10:06,-4.8608,35.3367,8.4,4.9
1999,9,13,00:33:44,-2.9255,35.2367,9.2,4.7
1999,12,26,09:12:11,-3.5608,34.3237,8.3,4.8
1999,12,12,02:39:53,-5.8176,29.4786,12.0,4.4
1999,5,12,00:43:21,-5.5262,34.3405,9.5,4.7
1999,10,13,17:02:57,-1.8677,34.074,8.0,4.7
1999,5,21,18:52:15,-8.0857,33.9736,10.2,4.0
1999,10,18,03:07:23,-3.2313,35.0476,9.2,4.4
1999,2,12,20:13:15,-5.9821,33.0993,12.2,4.6
2000,9,21,05:58:24,-1.0723,34.4158,9.6,4.7
2000,9,28,16:13:06,-7.1958,37.9602,10.4,4.8
2000,2,2,09:10:26,-2.537,34.5958,10.2,4.9
2000,12,17,21:43:27,-2.2064,28.6113,8.1,4.6
2000,11,4,05:39:58,-4.5919,34.9364,9.8,4.7
2000,10,14,06:28:51,-10.0019,38.9857,15.0,4.7
2000,4,19,11:46:34,-8.0891,34.2171,9.8,4.4
2000,4,14,14:05:58,-11.3979,37.1795,14.8,4.8
2000,3,4,19:46:14,-3.1673,31.1122,8.3,4.4
2000,1,14,13:07:47,-5.4046,33.9291,10.2,4.5
2000,9,24,23:14:56,-9.1765,37.5039,15.4,4.7
2000,11,21,20:38:26,-10.1693,38.4906,15.2,4.6
2000,10,22,00:57:52,-3.6803,30.1639,8.0,4.7
2000,10,12,03:51:39,-4.076,36.2743,10.0,4.5
2000,1,9,02:43:50,-8.8985,30.5744,9.2,4.4
2000,1,21,21:23:16,-7.6742,30.9085,12.3,4.6
2000,3,20,14:04:12,-6.2745,29.7505,11.9,4.2
2000,8,9,03:20:30,-7.074,31.8181,12.0,4.4
2000,4,21,19:33:11,-3.3181,35.4671,9.4,4.7
2000,6,16,19:14:45,-8.4269,38.9711,14.7,4.8
2000,10,4,22:28:40,-6.3018,35.8481,9.9,4.5
2000,5,11,08:27:15,-4.0173,34.5455,8.0,4.7
2000,5,9,19:27:25,-9.5232,28.4874,11.7,4.6
2000,7,2,08:40:04,-3.4024,33.5999,7.4,4.5
2000,5,1,08:16:53,-1.753,32.6794,8.1,4.9
2000,12,25,21:14:58,-0.4891,31.968,8.0,4.8
2000,2,26,18:13:07,-6.0925,33.3083,9.8,4.4
2000,12,11,02:50:17,-5.7308,39.9334,9.4,4.5
2000,6,15,09:21:28,-8.8748,31.8297,11.9,4.4
2000,10,27,23:12:31,-9.0252,38.131,15.3,4.6
2001,12,26,11:20:10,-9.0756,37.7438,9.8,4.6
2001,4,20,22:25:15,-5.9508,36.4984,9.8,4.2
2001,3,28,09:46:03,-4.544,34.5744,9.8,4.5
2001,12,19,04:22:19,-3.2629,32.2853,8.1,4.7
2001,7,5,06:33:32,-1.0713,31.6526,10.9,4.2
2001,1,28,08:09:21,-10.9089,37.7223,15.0,4.7
2001,5,2,11:59:33,-3.5661,36.2446,9.7,4.7
2001,4,17,23:20:01,-4.4816,35.769,10.1,4.6
2001,11,13,07:09:07,-3.2059,36.8418,10.2,4.5
2001,5,15,02:22:45,-10.2437,35.0325,14.7,4.6
2001,3,2,11:36:53,-5.9262,31.0076,12.2,4.5
2001,9,22,15:38:46,-7.294,38.0931,9.5,4.1
2001,1,5,12:20:45,-6.5597,30.0902,12.1,4.5
2001,7,6,20:15:25,-4.3077,31.5393,7.4,4.9
2001,3,15,07:22:52,-9.0444,31.9082,12.3,4.4
2001,4,20,15:55:01,-2.6085,31.9653,8.1,4.7
2001,12,7,17:53:45,-8.1023,28.2373,11.8,4.6
2001,7,16,06:26:13,-8.7541,32.2774,9.1,4.5
2001,3,7,23:21:05,-6.267,34.5886,9.8,4.8
2001,6,24,00:52:50,-11.1382,38.6856,14.5,4.5
2001,5,17,08:51:12,-4.8896,34.7755,8.3,4.7
2001,9,21,09:36:48,-4.4313,33.4996,10.0,4.6
2001,9,7,07:45:53,-2.8133,32.9759,8.5,4.6
2001,7,18,02:12:11,-3.5749,36.3426,9.7,4.1
2002,1,13,09:24:32,-3.4212,31.8982,7.6,4.7
2002,4,2,23:31:43,-12.2837,36.827,8.7,4.1
2002,12,25,01:12:58,-6.5069,35.0069,10.0,4.7
2002,9,6,17:01:54,-5.554,32.2199,12.4,4.7
2002,9,12,16:12:18,-6.8894,35.9499,9.8,4.2
2002,1,26,22:13:05,-5.3365,34.2934,9.9,4.7
2002,6,6,17:51:39,-8.3837,33.663,10.8,4.3
2002,3,14,21:22:39,-12.3905,36.4707,14.3,4.6
2002,8,2,06:37:36,-2.299,30.5031,8.2,4.7
2002,6,28,14:30:58,-5.7794,33.2241,9.5,4.2
2002,7,17,03:28:14,-7.7788,32.2918,11.9,4.4
2002,7,8,12:42:08,-9.1309,29.1374,12.3,4.7
2002,3,12,17:52:16,-6.6252,36.5568,15.4,4.5
2002,12,21,20:44:16,-6.4079,33.1829,9.5,4.6
2002,1,16,16:56:19,-7.3084,38.3272,15.6,4.5
2002,1,1,12:45:26,-8.0285,36.0164,9.8,4.6
2002,3,19,22:03:19,-1.6759,40.0785,10.4,4.2
2002,10,26,21:18:08,-1.3319,29.6983,7.5,4.6
2002,10,1,07:20:21,-8.8639,30.521,12.1,4.6
2002,4,26,01:07:09,-10.7269,37.9268,15.4,4.4
2002,2,6,22:45:22,-3.1131,32.6973,8.2,4.8
2002,7,6,01:53:12,-2.3748,33.8649,8.0,4.5
2002,11,22,18:23:06,-3.0024,33.4196,9.9,4.0
2002,6,13,17:34:00,-7.8049,34.7243,9.9,4.5
2002,2,21,21:09:23,-5.9374,33.3099,9.7,4.9
2002,6,28,02:38:41,-6.3494,31.2673,10.7,4.5
2002,12,23,17:28:11,-11.1538,37.2692,14.8,4.7
2002,11,8,22:43:46,-2.8188,32.2774,7.4,4.9
2002,11,10,15:58:25,0.4028,33.2234,9.7,4.7
2002,1,11,22:49:47,-5.5185,40.1118,10.3,4.3
2002,5,24,05:02:39,-7.9162,31.1686,11.9,4.6
2002,4,13,11:10:41,-6.415,35.8921,10.3,4.7
2002,3,14,07:16:59,-7.0807,37.7679,10.1,4.7
2002,7,14,04:23:27,-8.391,30.4552,11.7,4.4
2003,3,1,08:30:40,-3.9576,38.6604,10.2,4.7
2003,4,10,05:26:55,-6.2118,38.2568,10.0,4.8
2003,7,4,13:55:47,-5.6945,35.3292,10.2,4.5
2003,12,22,04:09:40,-5.4967,33.6672,10.3,4.7
2003,6,13,11:41:34,-11.0121,37.5193,8.9,4.4
2003,6,12,08:24:41,-4.7693,34.5392,10.0,4.7
2003,6,20,10:31:59,-10.1256,39.2629,14.8,4.8
2003,5,14,17:30:59,-8.0989,36.2671,15.3,4.8
2003,12,15,18:25:19,-6.4522,33.3955,10.0,4.6
2003,3,10,14:55:15,-3.6947,33.556,8.1,4.4
2003,2,26,07:04:06,-4.9449,39.2794,9.8,4.5
2003,5,16,15:09:40,-2.9438,33.1997,8.0,4.9
2003,2,1,20:15:14,-2.3643,35.9608,9.1,4.3
2003,11,27,07:55:36,-5.1322,35.4944,10.0,4.4
2003,5,6,10:00:24,-8.7045,36.5079,14.9,4.5
2003,11,22,15:01:04,-6.4715,42.8643,9.1,4.3
2003,1,11,04:04:28,-3.5109,33.5882,7.9,4.8
2003,11,25,08:55:02,-2.9635,36.2637,10.4,4.5
2003,3,16,10:25:39,-1.567,33.4239,7.7,4.6
2003,1,10,06:18:24,-4.3315,36.1198,10.0,4.4
2003,12,16,06:39:41,-9.1727,38.8737,15.2,4.5
2003,11,18,12:35:48,-5.5584,37.5119,10.6,4.7
2003,8,16,02:44:09,-8.3523,36.9354,10.3,4.7
2003,8,23,15:18:41,-4.3104,33.5048,10.0,4.6
2003,1,21,03:52:22,-5.7293,33.8853,7.9,4.6
2003,3,2,15:29:37,-5.8794,35.1844,10.0,4.6
2003,5,18,06:42:56,-10.5707,39.259,9.4,4.5
2003,6,22,15:47:45,-9.6064,28.2777,11.7,4.6
2003,9,26,17:52:13,-3.9383,30.789,7.8,4.7
2003,12,10,20:26:16,-10.5114,38.9849,14.4,4.5
2003,10,4,16:08:29,-5.2751,32.7167,8.7,4.0
2003,8,16,00:54:59,-5.8683,37.5533,9.5,3.9
2003,3,22,22:46:16,-7.0452,36.6641,10.3,4.1
2003,5,13,05:27:58,-10.4021,36.7302,14.8,4.6
2003,12,17,04:45:37,-9.7196,34.7054,10.5,4.7
2003,2,17,16:10:19,-10.3295,31.2927,12.0,4.4
2003,7,27,21:52:25,-11.3637,36.8348,15.0,4.4
2003,1,19,10:08:13,-7.9718,36.6416,14.8,4.6
2003,7,28,11:17:59,-5.6815,33.1777,9.5,4.2
2003,2,2,04:28:32,-4.9731,29.377,7.7,4.9
2003,11,12,00:25:25,-5.7295,30.0611,11.6,4.6
2003,6,22,09:17:46,-11.9432,34.2652,10.2,4.2
2003,6,24,07:44:09,-4.8447,28.9761,9.6,4.2
2003,10,21,09:55:42,-8.9738,32.4336,11.8,4.4
2003,9,5,14:49:03,-3.2502,35.1685,10.0,4.5
2003,7,11,00:33:16,-7.9484,29.9462,11.3,4.5
2003,3,16,12:36:02,-8.4538,32.9321,9.8,4.6
2003,3,5,01:14:01,-1.4874,33.4178,8.0,4.7
2003,8,18,02:23:23,-1.694,31.9493,8.1,4.8
2004,1,7,20:36:22,-8.4879,28.4345,12.3,4.6
2004,10,21,06:57:02,-11.2217,36.7996,15.8,4.7
2004,12,27,00:59:21,-10.8361,35.9176,10.5,4.2
2004,5,4,23:01:46,-0.3143,33.2515,9.2,4.4
2004,9,14,19:59:12,-6.1465,33.1466,7.9,4.7
2004,3,13,14:49:13,-13.148,31.2762,9.5,4.4
2004,1,7,20:51:51,-2.918,34.5393,7.9,4.6
2004,10,24,13:17:21,-4.5664,32.2061,8.0,4.7
2004,5,19,03:06:35,-8.5002,32.1863,9.7,3.6
2004,5,26,23:39:56,-10.3272,40.5296,15.3,4.8
2004,2,16,22:42:36,-10.3074,40.7108,15.2,4.7
2004,9,7,11:36:49,-4.7211,34.4555,8.3,4.8
2004,11,23,08:11:54,-2.4158,35.3416,8.2,4.8
2004,4,7,02:07:49,-6.7016,35.7151,10.6,4.6
2004,2,8,13:38:59,-8.415,32.6908,10.0,4.9
2004,8,1,16:56:08,-3.1229,32.1107,8.4,4.9
2004,12,1,04:34:35,-7.4492,34.9181,10.9,4.4
2004,10,3,22:06:41,-6.0272,34.538,10.2,4.9
2004,11,10,04:22:06,-9.5237,30.1426,11.8,4.6
2004,5,22,15:46:18,-5.7162,33.0223,8.4,4.9
2004,2,24,14:38:27,-5.3643,37.8407,8.9,4.2
2004,3,15,13:51:41,-7.3652,29.1843,11.8,4.5
2004,3,25,17:27:06,-6.6421,31.5383,9.6,4.7
2004,7,6,04:36:56,-0.7346,35.2789,9.8,4.7
2004,8,11,17:56:18,-4.2273,37.1802,9.9,4.6
2004,1,24,01:29:16,-9.2109,30.3147,12.0,4.5
2004,10,20,06:47:22,-4.4133,34.8454,10.2,4.2
2004,9,26,08:12:35,-8.5147,39.5268,15.1,4.6
2004,10,25,21:51:15,-7.7093,28.1142,11.9,4.6
2004,9,26,01:13:21,-9.0234,37.5567,15.1,4.6
2004,1,8,00:56:57,-3.6813,33.8251,10.1,4.0
2004,7,16,12:13:16,-10.9898,37.4642,15.6,4.6
2004,12,18,01:56:46,-11.5222,36.5975,14.7,4.5
2004,11,26,09:22:36,-12.4966,36.0812,9.7,4.8
2004,2,14,04:49:10,-4.3391,35.9328,10.2,4.8
2004,7,19,03:23:19,-5.0081,32.6084,8.4,4.7
2005,7,25,02:29:16,-2.8122,33.8479,8.0,4.6
2005,7,23,03:49:36,-4.8086,33.7374,9.5,4.6
2005,9,11,21:03:16,-4.7005,34.0614,9.5,4.4
2005,10,26,07:38:07,-5.8271,27.7598,9.6,4.4
2005,9,17,01:44:32,-4.0483,33.7671,8.4,4.9
2005,6,17,11:00:02,-7.9416,31.3008,10.1,4.5
2005,5,23,04:19:23,-2.0747,35.2076,7.9,4.9
2005,9,18,22:52:49,-5.7251,29.5332,11.4,4.6
2005,3,15,22:18:44,-5.4123,32.5215,8.1,4.8
2005,3,15,00:01:41,-10.2558,37.8298,9.7,4.1
2005,1,18,19:50:16,-10.0627,41.5414,15.0,4.6
2005,1,10,16:48:48,-3.6115,31.256,8.1,4.8
2005,4,23,08:34:02,-7.8784,30.5264,11.7,4.6
2005,5,8,01:32:15,-8.1108,33.0988,12.1,4.4
2005,8,6,08:27:06,-7.0519,35.2305,9.8,4.8
2005,8,24,06:25:12,-11.0762,41.6246,15.1,4.5
2005,7,15,20:37:47,-3.5048,34.5416,8.0,4.9
2005,9,25,02:51:28,-12.5343,38.4372,14.7,4.4
2005,1,2,07:21:24,-9.1723,33.8039,15.0,4.6
2005,2,7,10:39:37,-3.2105,30.4629,8.3,4.7
2005,8,7,03:34:50,-6.9428,41.1348,8.9,4.1
2005,4,18,07:51:47,-10.3078,37.6994,14.6,4.8
2005,3,11,02:39:51,-8.55,39.2942,14.8,4.6
2005,8,21,19:22:48,-4.3944,34.3585,10.3,4.8
2005,10,3,04:55:28,-11.9347,38.0144,14.7,4.8
2005,1,12,19:51:20,-8.7059,33.6895,12.3,4.7
2006,2,24,00:24:26,-0.8389,32.7959,8.4,4.8
2006,9,20,09:36:26,-8.1933,27.5651,11.7,4.4
2006,6,14,10:54:42,-3.9398,34.1386,9.9,4.4
2006,9,26,11:29:27,-3.7515,37.0082,10.0,4.6
2006,1,22,15:57:57,-3.0583,34.3429,8.3,4.8
2006,6,11,12:11:53,-4.2863,36.9473,9.9,4.7
2006,11,24,02:29:05,-2.6486,35.4228,7.9,4.7
2006,10,12,11:17:08,-4.7878,35.4219,10.1,4.6
2006,8,12,20:32:22,-7.295,30.5924,9.8,4.6
2006,5,18,12:23:29,-6.2518,32.5692,10.0,4.5
2006,1,2,15:23:13,-4.1018,30.404,8.4,4.7
2006,11,14,07:24:59,-11.3286,44.4396,10.8,4.6
2006,8,19,06:34:39,-6.3267,37.073,10.1,4.6
2006,12,21,00:05:40,-6.2335,29.2839,12.4,4.4
2006,10,19,11:01:16,-10.0028,38.2296,15.0,4.5
2006,5,28,11:31:54,-8.3617,40.8959,9.7,4.5
2006,10,19,08:56:23,0.4331,36.5814,9.5,4.5
2006,11,17,01:10:30,-11.9726,37.9469,14.8,4.6
2006,7,20,12:44:00,-7.6175,34.8884,10.0,4.4
2006,4,27,05:34:38,-9.6374,35.7748,14.7,4.6
2006,11,11,06:49:03,-11.2022,39.0807,14.7,4.5
2006,8,27,06:25:42,-7.2654,41.792,9.7,4.6
2006,11,25,23:45:40,-3.8934,36.293,10.3,4.5
2006,9,13,08:12:36,-8.2645,32.1956,11.8,4.4
2007,2,14,17:46:45,-11.6676,34.8998,15.3,4.6
2007,12,19,15:51:56,-4.72,32.3435,8.8,4.3
2007,8,26,07:41:11,-3.7966,30.5062,8.1,4.7
2007,10,2,12:21:39,-7.3345,32.1261,11.7,4.7
2007,9,14,22:52:15,-9.3148,31.8626,11.9,4.7
2007,7,1,00:04:55,-2.7693,31.3208,7.8,4.5
2007,6,4,10:20:29,-6.6577,31.6853,12.6,4.6
2007,2,20,15:37:59,-8.1445,35.0775,10.3,4.6
2007,11,16,19:48:19,-5.3007,33.5952,9.7,4.6
2007,7,14,19:18:22,-7.1615,29.8194,11.9,4.6
2007,8,3,05:21:44,-3.2877,31.9126,7.5,4.8
2007,2,26,13:58:37,2.0745,39.5084,8.9,4.2
2007,9,2,16:51:44,-9.7737,37.7191,15.0,4.6
2007,3,26,08:05:12,-10.5726,38.5184,15.2,4.8
2007,10,18,08:00:12,0.7244,37.7571,9.8,4.2
2007,7,15,18:26:08,-9.1037,36.1013,15.1,4.7
2007,7,26,07:23:15,-3.6613,35.0878,8.0,4.8
2007,2,24,13:46:14,-1.4896,33.7397,7.6,4.8
2007,9,4,14:42:00,-4.1751,35.75,10.1,4.7
2007,5,15,19:59:51,-4.4711,34.9382,10.1,4.8
2007,5,14,01:47:12,-6.8783,35.2019,14.8,4.6
2007,1,20,06:42:39,-3.8796,33.4841,8.0,4.8
2007,9,9,12:38:39,-5.0751,37.7177,9.5,4.2
2007,2,24,21:59:41,-11.363,32.8735,9.4,4.4
2007,9,4,03:49:02,-2.6738,32.7179,8.5,4.7
2007,3,17,15:39:49,-3.2718,32.0279,7.9,4.9
2007,9,4,03:46:14,-3.8869,33.6566,7.9,4.8
2007,11,8,00:32:03,-9.0048,29.5429,11.9,4.6
2007,3,13,23:10:51,-9.3365,38.9825,14.5,4.8
2007,6,12,06:47:40,-3.1079,32.5427,10.1,4.6
2007,1,17,20:45:18,-7.0904,35.827,15.6,4.7
2007,6,26,01:58:31,-6.7899,33.5609,9.8,4.7
2007,4,13,11:41:45,-8.4938,30.9,12.3,4.6
2008,9,20,20:09:21,-4.6288,30.699,8.3,4.9
2008,1,26,21:38:59,-3.9276,34.1449,10.0,4.6
2008,12,16,05:02:01,-6.7698,32.2249,9.7,4.3
2008,7,11,02:30:44,-9.314,30.1062,9.3,4.2
2008,4,26,08:15:25,-3.1481,38.6498,9.7,4.2
2008,9,15,06:13:05,-11.6099,37.137,15.0,4.7
2008,5,22,19:15:06,-10.1524,37.2288,15.0,4.8
2008,11,5,16:53:31,-11.5817,30.0299,12.4,4.6
2008,1,10,17:50:17,-2.1663,33.2122,7.8,4.7
2008,1,7,11:33:09,-12.8123,36.0358,9.9,4.3
2008,3,18,02:51:37,-3.8991,32.9494,10.1,4.4
2008,10,13,01:29:50,-7.7707,38.8734,14.6,4.7
2008,7,25,18:23:14,-12.8782,38.4939,14.7,4.6
2008,7,8,20:36:10,-3.04,35.4038,7.8,4.7
2008,2,18,11:47:12,-7.2238,35.9452,10.7,4.6
2008,4,23,02:07:39,-8.4316,31.9526,12.3,4.6
2008,11,23,17:10:48,-9.9889,33.6755,10.7,4.7
2008,9,20,10:18:27,-7.4071,38.0738,9.1,4.3
2008,3,5,19:01:10,-6.9088,30.8385,10.1,4.7
2008,10,22,22:16:21,-6.7375,33.8116,10.9,4.7
2008,4,4,13:57:35,-3.6804,36.3754,10.2,4.6
2009,8,4,04:05:04,-11.3848,36.415,10.8,4.2
2009,3,15,04:18:38,-10.1026,39.9578,14.9,4.8
2009,11,15,09:42:22,-2.8594,34.3604,7.6,4.8
2009,2,25,14:38:09,-9.3601,39.1494,11.0,4.5
2009,3,21,20:01:03,-10.1838,34.947,9.5,4.5
2009,3,13,11:11:21,-5.082,34.114,9.6,4.6
2009,8,9,01:38:40,-10.1954,31.0468,12.5,4.6
2009,2,16,09:35:32,-7.6404,32.2017,10.1,4.5
2009,6,22,14:36:14,-4.3569,31.9957,9.7,4.5
2009,5,4,11:18:01,-5.862,34.1807,10.1,4.5
2009,8,9,12:22:53,-5.4998,30.5297,11.9,4.4
2009,7,9,11:13:45,-10.5338,38.3928,15.2,4.8
2009,4,14,15:19:23,-1.2634,31.2652,8.2,4.8
2009,3,28,09:49:32,-1.8536,32.0225,9.9,4.4
2009,5,24,03:20:46,-0.1743,30.0907,8.5,4.8
2009,6,1,21:33:55,-4.3196,35.8438,9.7,4.4
2009,10,23,05:22:27,-8.8578,27.6607,10.3,4.2
2009,3,22,06:40:20,-9.6791,36.8016,14.9,4.6
2009,11,15,17:44:03,-4.7625,30.022,7.9,4.9
2009,6,22,13:16:20,-8.6701,38.2833,15.0,4.6
2009,4,11,21:15:08,-2.7077,33.1548,8.1,4.8
2009,8,8,18:46:47,-2.1994,31.0612,7.4,4.9
2009,4,5,07:00:27,-6.3079,31.3862,11.9,4.7
2009,12,13,04:29:00,-8.7315,39.1549,15.0,4.4
2009,5,12,19:17:33,-8.0991,36.9825,9.8,4.4
2010,3,17,17:57:25,-3.4173,32.7907,8.0,4.7
2010,7,15,09:26:48,-12.4389,35.0232,15.1,4.7
2010,11,22,17:34:05,-7.2609,35.7742,10.9,4.8
2010,6,11,20:20:26,-8.1802,36.6291,9.7,4.7
2010,7,7,20:00:24,-7.4068,30.1299,12.0,4.6
2010,11,23,14:35:54,-6.1512,34.8491,10.1,4.8
2010,7,23,12:54:34,-6.54,34.2457,10.0,4.5
2010,10,26,06:19:17,-2.3167,31.6624,8.1,4.8
2010,11,18,22:12:40,-8.94,40.7001,15.2,4.4
2010,4,2,07:49:50,-8.3508,29.1104,9.4,4.4
2010,7,8,04:15:39,-9.6012,37.8025,15.0,4.7
2010,2,17,17:30:36,-8.9567,41.9731,10.1,4.4
2010,2,26,07:33:58,-8.8698,26.9573,11.8,4.6
2010,12,11,19:50:00,-5.4875,30.4496,7.9,4.6
2010,1,4,14:50:26,-10.4153,37.5072,14.9,4.8
2010,2,4,14:42:21,-5.5335,35.375,10.7,4.6
2010,6,10,09:36:25,-10.8402,35.8626,9.6,4.3
2010,12,2,01:58:16,-7.5135,37.4527,14.6,4.6
2010,4,2,18:52:11,-9.7076,31.5954,11.8,4.5
2010,3,23,19:44:39,-3.5326,35.8259,10.2,4.6
2010,9,7,08:19:09,-8.1793,37.5577,14.9,4.9
2010,3,26,11:20:02,-10.9283,38.4261,15.2,4.9
2010,4,27,03:28:36,-2.0811,35.0007,9.4,4.4
2010,6,15,01:47:19,-9.7382,38.075,15.4,4.6
2010,8,3,14:28:49,-3.3862,41.4073,9.5,4.8
2010,4,28,13:43:33,-9.7267,35.0718,15.5,4.5
2010,10,17,20:22:12,-5.7792,34.8115,9.6,4.8
2010,9,15,12:41:51,-10.4692,39.7927,14.9,4.7
2010,12,15,13:52:10,-6.9132,36.857,10.1,4.8
2010,10,21,22:56:49,-12.5817,36.2707,15.4,4.6
2010,2,14,21:20:00,-7.0975,31.6691,9.8,4.6
2010,10,14,21:32:57,-5.4542,27.9513,9.7,4.6
2010,3,7,06:35:28,-3.293,33.9829,7.7,4.7
2010,10,8,10:55:55,-4.6171,37.362,9.9,4.3
2010,10,4,11:49:38,-5.0832,34.3959,9.7,4.6
2010,9,16,04:18:03,-10.9079,34.7162,14.5,4.6
2010,7,9,14:36:49,-2.8848,35.8818,10.0,4.8
2010,4,11,09:02:00,-12.3171,37.1284,14.9,4.8
2010,3,7,02:29:34,-2.8227,33.2406,8.5,4.8
2010,10,7,06:30:04,-5.1282,35.9304,10.0,4.7
2010,8,21,12:21:07,-4.1617,31.0572,8.0,4.9
2010,6,23,20:15:46,-5.0853,35.5613,9.7,4.7
2011,6,3,20:34:05,-3.7314,34.9682,7.8,4.9
2011,7,22,17:31:30,-4.5711,36.2671,9.1,4.3
2011,2,8,09:15:54,-5.8836,34.7851,9.4,4.6
2011,10,17,00:31:07,-9.5341,27.4909,12.4,4.7
2011,7,10,03:24:59,-0.8859,33.0603,9.6,4.4
2011,1,10,20:40:14,-3.8988,31.9772,10.1,4.8
2011,4,17,18:02:13,-2.0528,34.0698,8.3,4.5
2011,2,2,08:29:19,-7.709,32.0718,9.5,4.8
2011,12,26,04:15:36,-4.0581,32.9066,7.7,4.9
2011,4,23,10:26:29,-6.3673,35.4299,9.6,4.0
2011,2,13,03:17:55,-4.4897,32.9817,7.7,4.7
2011,9,23,01:33:52,-4.3666,32.3678,11.6,4.5
2011,11,10,00:05:10,-9.2376,36.9104,15.1,4.6
2011,4,13,17:51:28,-7.963,31.35,8.3,4.1
2011,6,19,19:00:39,-6.1737,37.1362,10.1,4.8
2011,5,1,00:06:08,-7.4837,31.0004,12.0,4.5
2011,7,22,10:44:42,-8.9369,29.593,12.0,4.6
2011,12,17,10:04:15,0.0028,31.9521,8.2,4.8
2011,9,17,19:27:43,-8.4059,30.5299,11.6,4.5
2011,9,13,16:16:35,-8.6096,39.4538,14.7,4.7
2011,10,2,03:16:16,-6.3308,30.2353,9.6,4.6
2011,8,25,20:30:51,-10.6829,37.3339,15.0,4.5
2011,5,13,04:46:25,-5.1573,35.9952,10.4,4.6
2011,7,26,06:06:04,-5.8833,29.6519,12.0,4.6
2011,8,19,19:14:34,-5.8546,34.0913,10.0,4.6
2011,12,11,05:55:24,-4.365,27.3919,9.6,4.8
2011,8,12,22:43:58,-5.8103,34.0649,8.9,4.2
2012,4,13,03:06:45,-8.0186,33.2332,10.0,4.3
2012,2,27,20:23:14,-6.8416,33.161,10.1,4.0
2012,4,11,06:25:10,-8.7207,34.9832,9.9,4.6
2012,3,12,19:21:46,-9.3942,30.0995,12.1,4.5
2012,10,18,11:58:26,-6.3517,29.5752,12.2,4.6
2012,9,4,12:41:48,-2.0311,32.2207,7.8,4.8
2012,8,24,06:12:26,-5.4145,32.66,8.2,5.0
2012,5,20,19:38:40,-7.1395,38.2702,14.8,4.6
2012,11,16,13:34:52,-6.7782,34.3459,10.1,4.5
2012,2,12,04:36:26,-4.5571,37.5347,9.8,4.6
2012,8,17,20:09:48,-9.8078,38.2814,14.4,4.8
2012,2,6,08:04:19,-8.478,31.5133,11.9,4.7
2012,6,21,22:05:02,-6.9075,35.7119,10.0,4.5
2012,7,8,05:55:38,-1.6354,33.805,7.8,4.9
2012,10,3,07:56:40,-6.3173,27.8476,12.0,4.5
2012,9,1,10:08:22,-5.7825,30.212,11.8,4.6
2012,12,2,10:21:02,-1.5873,28.5215,9.4,4.4
2012,11,12,11:02:29,-3.6789,33.7676,10.3,4.7
2012,3,14,10:35:16,-7.1809,28.1218,12.4,4.5
2012,7,10,19:08:45,-7.2655,35.9094,9.3,4.2
2013,5,3,01:34:08,-11.5618,37.7183,15.2,4.7
2013,6,19,06:50:08,-8.3057,33.7143,9.9,4.4
2013,6,10,16:06:16,-8.6275,40.0467,15.5,4.6
2013,9,6,05:50:52,-7.1429,29.1031,11.5,4.5
2013,4,26,20:17:59,-4.8087,33.7246,8.1,4.7
2013,1,19,20:41:00,-8.9786,31.5823,12.1,4.6
2013,8,27,09:13:45,-4.1358,35.6455,9.4,4.2
2013,8,18,02:51:42,-7.8584,27.8857,10.0,4.5
2013,10,2,07:32:58,-7.2587,41.2106,9.0,4.6
2013,12,18,20:20:00,-4.5363,38.6381,9.9,4.2
2013,7,15,06:53:26,-6.072,34.0797,9.9,4.3
2013,3,14,11:45:35,-11.646,37.4445,15.4,4.5
2013,8,16,08:25:58,-10.8203,37.5009,14.9,4.6
2013,5,22,18:52:57,-2.5379,28.9805,8.1,4.9
2013,7,5,06:56:57,-1.4799,34.7301,8.1,5.0
2013,5,13,10:07:39,-10.5739,31.3051,12.4,4.5
2013,3,20,16:30:06,-4.8464,32.9493,9.9,4.7
2013,10,15,00:29:56,-1.2783,33.1102,7.7,4.7
2013,1,8,16:24:40,-0.7231,32.8729,7.4,4.7
2013,1,2,07:35:09,-6.3031,33.4179,10.5,4.8
2013,7,1,18:39:56,-5.0958,32.4811,9.4,4.5
2013,6,14,03:22:54,-5.2066,37.4905,10.1,4.8
2013,4,12,00:00:09,-6.1072,35.5449,9.6,4.5
2013,4,11,05:55:13,-6.6321,33.134,12.1,4.5
2013,3,4,19:53:27,-0.9268,37.8232,9.7,3.9
2013,1,11,09:57:52,-7.9256,38.7814,14.7,4.5
2013,5,24,15:29:14,-6.0603,40.867,10.2,4.4
2013,4,5,20:57:07,-8.3742,30.7327,12.2,4.5
2013,10,5,22:14:17,-8.0006,27.3491,9.8,4.4
2013,7,18,20:28:22,-3.8947,33.316,8.2,4.6
2013,7,19,12:56:23,-4.1419,32.5087,8.0,4.6
2013,9,10,01:06:30,-2.7055,32.0853,8.0,4.8
2013,11,9,19:59:19,-0.7632,32.8608,8.4,4.7
2013,8,27,20:04:34,-11.8031,37.9855,14.9,4.8
2013,2,24,23:48:27,-4.0452,37.4269,9.9,4.6
2013,11,17,09:11:40,-4.2269,34.4249,10.3,4.2
2013,2,16,16:34:54,-2.2908,29.1112,9.9,4.2
2013,3,11,06:04:51,-10.0658,30.291,12.1,4.4
2013,11,2,15:32:48,-4.0619,30.5537,7.7,4.7
2013,11,6,00:09:36,-5.5784,35.6157,10.0,4.5
2013,4,16,14:14:43,-1.7487,30.8488,8.0,4.9
2013,1,16,08:25:27,-9.6368,28.5259,12.0,4.4
2014,6,22,11:49:31,-6.2346,32.8673,10.7,4.4
2014,11,5,23:30:21,-10.2679,35.4837,14.5,4.6
2014,12,20,22:24:29,0.0188,30.0109,9.1,4.2
2014,11,15,21:07:14,-4.8652,36.3829,9.4,4.8
2014,3,24,22:01:34,-10.6098,29.787,9.8,4.4
2014,2,22,23:54:19,-11.3129,37.3005,10.9,4.5
2014,11,7,11:47:04,-4.2583,41.3602,10.2,4.6
2014,3,5,20:38:10,-10.5018,29.6564,12.0,4.5
2014,11,5,03:30:44,-4.2388,35.4641,9.9,4.4
2014,11,16,12:35:20,-4.1197,31.1138,8.0,4.8
2014,6,26,04:12:28,-11.4559,39.4182,15.2,4.6
2014,3,20,14:25:53,-4.0782,35.6068,9.7,4.6
2014,7,21,00:02:02,-4.1885,35.5095,10.4,4.7
2014,8,8,18:31:30,-10.4476,38.8984,15.2,4.9
2014,5,16,08:27:31,-2.9291,32.1456,7.8,4.7
2014,8,13,10:28:07,-8.0957,31.8466,10.2,4.3
2014,7,24,00:55:50,-4.9213,29.8653,7.8,5.0
2014,1,1,19:13:21,-9.4438,29.5207,12.2,4.3
2014,6,1,19:20:38,-8.6564,31.4702,10.0,4.6
2014,4,10,03:53:08,-3.3027,39.0358,10.8,4.6
2015,4,4,10:43:36,-1.1142,36.2659,9.6,4.4
2015,10,2,03:07:31,-3.7443,34.2751,8.2,4.9
2015,8,26,11:56:54,-9.0302,28.8486,9.6,4.3
2015,7,8,10:28:21,-8.0127,35.0564,10.4,4.6
2015,2,6,04:03:01,-5.6527,35.175,9.6,4.6
2015,3,16,14:06:14,-2.9041,32.0578,9.4,4.6
2015,12,12,18:21:27,-1.4202,32.3786,8.4,4.8
2015,4,8,18:18:56,-0.4491,36.4372,9.6,4.3
2015,11,28,13:05:46,-6.7474,31.551,12.1,4.5
2015,10,12,08:04:03,-9.3188,29.7789,12.0,4.5
2015,12,10,01:23:10,-4.8142,35.3439,10.1,4.7
2015,2,15,23:20:34,-4.6801,33.7111,7.9,4.5
2015,1,14,09:29:07,-1.6528,35.9223,7.6,4.7
2015,4,14,07:33:39,-3.6707,31.1688,8.3,4.8
2015,8,19,11:51:00,-11.875,41.0416,15.4,4.7
2015,6,22,10:28:49,-0.9299,31.5561,7.7,4.8
2015,5,20,22:03:20,-7.9267,30.1279,12.6,4.5
2015,2,6,12:48:05,-1.3117,34.7859,8.5,4.7
2015,3,26,00:39:16,-6.2611,36.3959,11.0,4.4
2015,11,22,05:52:39,-6.417,35.7676,10.3,4.7
2015,6,23,15:16:45,-3.4254,32.7914,8.1,4.4
2015,12,13,18:53:44,-4.9184,34.2489,9.8,4.7
2015,12,10,16:14:18,-12.1868,38.4655,15.0,4.7
2015,1,27,14:06:27,-2.6676,35.3985,8.8,4.6
2015,11,17,22:17:21,-4.669,31.9787,8.1,4.9
2015,11,14,08:56:32,-1.3136,32.4472,10.6,4.5
2015,2,18,15:03:07,-10.1185,38.9014,15.4,4.8
2015,8,19,16:42:48,-7.8635,44.1814,9.1,4.2
2015,1,28,02:14:51,-3.1682,36.0041,7.5,4.5
2015,10,25,07:21:51,-4.9342,34.4868,10.2,4.6
2015,11,28,18:42:37,-11.1437,35.3806,14.8,4.7
2015,7,12,19:45:18,-2.6144,39.0978,10.1,4.5
2015,12,18,21:55:58,-1.1936,33.8549,8.4,4.7
2015,9,25,05:43:14,-10.8106,36.6562,15.3,4.5
2015,5,12,11:48:58,-5.267,33.2401,8.3,4.7
2015,7,15,16:00:40,-3.728,33.8458,8.5,4.7
2015,2,19,19:22:53,-7.6472,37.8839,10.1,4.3
2015,10,14,21:13:34,-6.9566,29.5699,11.9,4.5
2015,4,10,23:57:57,2.2111,32.4554,10.6,4.6
2015,12,21,08:56:45,-4.6461,38.4385,10.1,4.3
2015,10,18,10:38:45,-13.0616,38.2062,9.9,4.5
2016,6,7,16:08:30,-10.4156,29.2822,11.7,4.6
2016,7,11,19:08:29,-6.5836,35.5826,8.3,4.8
2016,10,14,20:25:39,-0.2061,31.4557,10.0,4.1
2016,7,27,03:20:40,-7.5754,34.9254,8.9,4.6
2016,2,15,14:05:42,-9.3608,28.9835,12.0,4.6
2016,12,18,03:30:46,-11.4101,40.7549,14.9,4.7
2016,3,26,14:13:47,-2.9412,36.0894,9.8,4.5
2016,7,28,13:13:19,-8.2569,33.7423,10.1,4.8
2016,8,3,12:03:49,-10.4204,38.3775,14.8,4.7
2016,6,3,18:06:44,-8.942,32.163,12.3,4.6
2016,10,13,03:08:13,-5.6976,34.3775,10.0,4.5
2016,9,15,16:38:51,-9.3077,38.3191,15.1,4.6
2016,8,2,01:04:30,-6.9243,29.7113,11.9,4.7
2016,8,7,12:00:05,-9.3542,39.0766,9.5,4.6
2016,7,16,16:23:14,-7.4316,33.0749,11.6,4.6
2016,6,20,14:03:56,-7.7281,28.8246,11.1,3.9
2016,10,26,01:27:41,-11.1295,39.0691,15.4,4.7
2016,8,22,04:34:18,-6.4952,30.7803,12.3,4.6
2016,6,22,16:02:27,-6.8696,34.8931,10.0,4.5
2016,9,16,19:14:33,-7.8608,33.9651,10.8,4.9
2016,7,19,19:53:29,1.4375,33.7854,8.0,4.9
2016,12,10,05:49:33,-7.351,31.4197,11.9,4.5
2016,8,10,09:49:09,-4.0502,35.7598,9.7,4.4
2016,7,20,05:52:33,-10.7285,35.63,14.8,4.7
2016,1,22,06:51:07,-6.3953,31.5484,11.7,4.7
2016,2,25,03:30:37,-8.4037,37.6809,14.6,4.6
2016,10,3,22:10:09,-7.4613,31.4952,10.0,4.2
2016,8,16,12:23:14,-8.3168,37.5968,14.6,4.7
2016,10,9,07:48:54,-7.0033,29.8662,12.1,4.7
2016,6,17,15:46:53,-8.0964,33.7671,9.0,4.5
2016,5,4,00:25:55,-10.2199,35.8583,15.3,4.7
2016,9,11,03:41:34,-3.9709,34.9134,10.5,4.7
2016,1,1,12:28:57,-4.5581,31.0282,8.0,4.5
2016,9,8,11:57:39,-9.1932,31.9344,9.5,4.4
2016,2,13,20:51:16,-4.4126,31.9686,8.4,4.6
2016,2,27,04:44:27,-7.1899,36.1927,10.1,4.8
2016,2,9,17:48:07,-2.0716,37.2987,10.4,5.0
2016,12,17,12:51:59,-3.5389,36.0766,9.9,4.8
2016,1,12,12:11:18,-1.077,34.3817,7.6,4.5
2017,12,4,03:54:00,-5.8798,28.7194,11.5,4.5
2017,12,21,13:35:04,-3.9159,36.2381,9.9,4.7
2017,12,5,01:58:03,-5.6235,36.3701,10.1,4.7
2017,9,10,21:39:24,-1.8823,32.7437,9.6,4.3
2017,8,18,21:29:08,-7.6933,29.2836,9.6,4.2
2017,8,7,20:17:13,-7.4937,30.3275,11.8,4.6
2017,2,7,05:54:10,-7.1549,29.002,12.3,4.6
2017,8,17,17:33:11,-8.8832,35.3591,14.7,4.8
2017,12,25,06:09:23,-6.9585,29.6076,10.0,4.2
2017,8,16,18:49:05,-5.0838,34.015,10.3,4.6
2017,3,9,06:45:36,-10.3459,37.4909,14.7,4.6
2017,2,8,20:14:02,-2.8238,34.2582,10.2,4.6
2017,2,2,21:38:43,-3.7863,33.0103,8.2,5.0
2017,4,16,18:09:37,-12.4555,41.9839,15.0,4.7
2017,9,4,09:52:38,-2.2433,38.0161,9.7,4.4
2017,9,6,17:15:01,-3.6571,34.171,9.9,4.8
2017,1,19,13:02:01,-3.5905,35.6857,9.4,4.5
2017,3,28,23:09:19,-3.9123,36.5304,10.1,4.5
2017,2,7,23:19:37,-6.2129,33.4707,11.6,4.3
2017,11,8,02:01:59,-5.8085,37.0788,10.7,4.5
2017,7,1,08:19:53,-9.028,36.8379,14.9,4.5
2017,5,3,01:34:40,-3.1959,30.6869,7.9,4.7
2017,8,17,20:59:51,-2.7861,31.8273,10.6,4.5
2017,8,24,07:47:11,-3.9799,35.3891,10.2,4.8
2017,8,4,19:15:09,-6.3904,34.2228,10.1,4.2
2017,11,20,01:59:59,-5.2973,38.2307,10.6,4.6
2017,5,10,16:44:47,-9.5353,41.6238,14.8,4.9
2017,11,7,16:53:44,-7.4057,38.7132,14.6,4.5
2018,5,8,20:13:06,-3.7004,32.2309,11.9,4.5
2018,3,26,01:10:16,-4.4556,33.488,7.8,4.8
2018,8,24,15:46:07,-5.8161,38.6333,9.5,4.6
2018,10,2,05:48:04,-7.6991,34.5829,9.5,4.6
2018,6,23,07:01:14,-3.1729,33.1117,7.9,4.9
2018,11,6,07:58:58,-4.3833,34.9842,9.7,4.5
2018,5,16,13:45:13,-9.4825,33.4578,8.3,4.5
2018,6,4,10:46:14,-5.1281,34.8403,10.2,4.8
2018,7,7,09:37:51,-6.2532,31.0354,12.5,4.6
2018,3,6,00:42:49,-6.815,36.1363,9.9,4.6
2018,1,23,20:40:33,-6.4866,29.1244,12.0,4.4
2018,5,12,06:44:12,-6.1015,39.4498,9.9,4.3
2018,3,17,01:34:34,-6.9523,31.0001,12.4,4.3
2018,7,25,04:26:00,-12.0365,36.5473,14.8,4.6
2018,6,14,17:01:33,-5.0782,31.5155,9.5,4.3
2018,5,16,10:37:41,-1.608,34.2065,9.7,4.2
2018,10,19,12:17:46,-9.4969,36.0166,14.8,4.5
2018,11,14,02:53:27,-1.1449,30.428,9.9,4.3
2018,1,10,22:47:26,-7.8904,32.2092,12.5,4.6
2018,1,18,06:18:06,-0.8003,33.77,9.9,4.2
2018,9,1,19:32:39,-8.9282,30.9724,12.5,4.4
2018,8,10,23:58:54,-13.5321,36.7865,9.2,4.2
2018,6,8,14:12:00,-6.4811,36.3011,9.8,4.9
2019,8,22,02:59:50,-7.9892,34.1253,8.6,4.5
2019,1,6,08:09:19,-8.3026,39.0561,14.8,4.7
2019,1,3,22:10:47,-6.7363,28.1643,12.2,4.6
2019,12,26,07:02:01,-8.5394,29.1052,12.1,4.7
2019,3,9,04:37:03,-3.6177,33.8811,8.3,4.8
2019,10,6,20:47:30,-5.6481,36.2773,9.8,4.6
2019,2,19,07:42:24,-11.7645,38.9878,14.7,4.8
2019,7,8,17:06:51,-6.2434,34.5639,9.8,4.6
2019,7,11,00:19:24,-6.4799,32.1701,9.1,4.8
2019,6,27,04:04:17,-10.0996,41.6313,10.2,4.2
2019,10,22,14:32:42,-1.146,31.6746,8.2,4.9
2019,7,19,06:46:07,-6.6113,31.8533,10.9,4.6
2019,5,3,03:04:49,-6.1792,35.1173,9.8,4.5
2019,2,23,07:57:32,-7.2454,29.5778,11.5,4.6
2019,5,13,14:41:00,-1.5547,29.1358,10.1,4.4
2019,3,19,05:27:25,-6.7772,33.8911,9.8,4.7
2019,5,25,18:41:57,-3.2057,30.9592,7.9,5.0
2019,5,1,09:28:57,-6.6618,36.5919,10.2,4.4
2019,8,13,00:32:06,-0.8191,34.8354,7.7,4.9
2019,7,22,17:59:18,-7.5719,38.9983,9.7,4.7
2019,1,22,07:52:43,-10.4714,39.0075,14.9,4.5
2019,2,20,07:00:23,-7.7182,38.0538,9.3,4.1
2019,4,13,16:32:04,-3.9162,32.1,8.5,4.7
2019,8,1,08:27:01,-10.0723,28.57,10.1,4.8
2019,7,5,17:02:09,-10.506,38.519,15.4,4.5
2019,3,13,21:09:10,-9.6826,35.9428,8.8,4.5
2019,4,23,03:39:38,-5.767,34.0559,10.7,4.1
2019,1,8,01:25:44,-5.549,32.5319,10.0,4.8
2019,5,27,08:10:37,-10.7031,36.9084,15.1,4.8
2019,10,9,18:14:50,-1.8036,32.8955,8.1,4.7
2019,3,1,10:56:09,-2.5912,32.1554,8.0,4.7
2019,5,24,06:56:54,-8.156,36.9301,14.9,4.7
2019,4,3,23:38:35,-3.0574,33.2198,8.5,4.7
2019,12,1,03:13:32,-10.3295,34.4795,9.9,4.7
2019,7,26,13:11:49,-9.6635,42.8171,10.0,4.5
2019,6,14,02:18:19,-5.5332,28.7376,12.0,4.7
2019,3,3,01:57:48,-8.8246,37.0432,10.3,4.7
2019,6,15,08:18:41,-6.8484,27.0626,11.5,4.6
2019,12,16,05:59:08,-5.7184,28.8186,10.1,4.3
2019,8,12,18:46:39,-7.324,39.651,9.8,4.7
2019,4,17,15:50:22,-8.2,28.6816,12.0,4.7
2020,7,1,00:51:54,-5.9446,28.2652,9.1,4.4
2020,3,7,00:40:44,-0.8137,32.9131,8.3,4.8
2020,12,3,22:53:46,-8.6914,30.328,12.1,4.6
2020,5,27,18:53:56,-7.716,27.4974,12.3,4.6
2020,6,10,22:32:30,-10.1172,33.3345,15.0,4.7
2020,4,26,09:23:12,-3.9232,39.2997,10.1,4.7
2020,1,16,12:55:23,-8.1813,30.6905,12.0,4.6
2020,1,15,02:05:13,0.0934,33.797,7.9,4.9
2020,10,20,17:33:35,-5.5142,34.0841,10.3,4.8
2020,12,21,18:08:42,-8.4395,39.2179,15.2,4.5
2020,11,24,04:38:37,-9.5835,37.9659,15.1,4.7
2020,9,6,16:18:54,-4.9109,35.68,9.1,4.7
2020,1,9,02:21:39,-5.0938,34.5337,10.1,4.7
2020,12,24,07:12:51,-10.3144,38.049,14.9,4.7
2020,5,11,17:39:24,-8.0485,34.2584,9.9,4.8
2020,7,21,15:52:50,-5.3086,26.6931,12.1,4.7
2020,10,21,22:43:27,-4.9782,35.1449,10.6,4.7
2020,3,11,17:42:24,-9.3105,30.1599,11.9,4.6
2020,6,5,02:15:25,-6.8961,36.1915,9.8,4.7
2020,11,23,14:30:11,-3.3645,32.6338,8.6,4.8
2020,2,27,15:20:04,-5.4739,32.0596,11.8,4.5
2020,12,26,02:33:44,-1.8916,34.8673,8.0,4.7
2020,11,9,04:56:32,-6.7938,34.7377,9.4,4.4
2020,3,27,08:04:04,-4.255,34.3772,9.8,4.7
2020,8,21,00:02:30,-6.0317,31.8388,8.5,4.7
2020,12,1,10:02:39,-8.6267,37.2336,15.3,4.6
2020,6,20,02:12:27,-1.6188,33.5387,9.8,4.1
2020,1,2,08:12:36,-1.9115,25.8285,10.7,4.4
2020,6,2,15:50:36,-4.038,32.2558,9.8,4.5
2020,9,12,09:09:49,-0.0834,34.3599,7.8,4.7
2020,9,24,01:17:11,-4.8465,30.7105,12.0,4.5
2020,12,22,07:31:32,-6.2065,37.3355,10.3,4.7
2020,5,22,03:16:50,-8.7587,29.1183,12.1,4.5
2020,8,10,22:27:10,-4.8816,30.5837,10.0,4.4
2020,8,3,00:19:56,-10.5082,37.5899,14.6,4.6
2020,7,7,23:47:39,-3.9459,30.2154,7.6,4.8
2020,11,26,11:12:07,-1.1973,34.7411,8.3,4.8
2020,3,2,00:07:40,-3.5228,29.0343,9.4,4.5
2020,8,13,20:53:11,-12.0059,39.7828,15.2,4.5
2020,5,26,01:50:47,-3.623,34.3121,8.2,4.7
2020,5,16,14:08:21,-5.8914,34.7514,11.1,4.4
2020,12,15,23:43:25,-8.0938,37.852,15.3,4.8
2020,11,1,15:35:05,-2.3571,29.6969,8.0,4.6
2020,10,18,15:44:57,-5.0232,33.8222,10.1,4.2
2020,1,11,23:09:13,-8.4883,37.5849,14.9,4.7
2020,7,19,13:18:06,-6.6874,34.2796,10.5,4.6
2021,8,26,11:09:13,-5.1497,34.2542,7.8,4.7
2021,10,12,02:05:42,-7.9809,31.4227,11.5,4.8
2021,1,11,01:23:54,0.4242,33.9709,8.0,4.8
2021,4,14,09:22:33,-5.9009,33.7982,10.1,4.6
2021,8,23,21:17:37,-7.2735,28.4955,11.9,4.6
2021,11,8,14:52:54,-3.6196,32.8859,10.0,4.7
2021,8,12,14:03:05,-5.0091,38.331,9.7,3.8
2021,9,22,19:21:36,-3.2203,36.2051,10.0,4.6
2021,4,7,04:13:08,3.08,36.0301,9.8,4.9
2021,2,3,18:36:32,-2.2629,34.6487,8.0,4.8
2021,11,5,08:12:59,-7.7316,37.5071,15.1,4.8
2021,9,5,05:50:00,-2.7312,30.7867,8.2,4.7
2021,6,16,23:51:53,-10.4704,35.8265,9.9,4.3
2021,12,4,11:15:52,-1.7863,32.6358,8.3,4.7
2021,9,5,16:48:33,-10.1385,35.5764,15.3,4.6
2021,10,3,01:47:02,-3.922,30.4386,8.0,5.0
2021,5,3,14:47:42,-7.4214,36.2033,10.5,4.5
2021,5,17,04:13:38,-8.8962,39.0726,9.8,4.7
2021,10,18,02:43:15,-3.7563,30.8607,7.8,4.7
2021,10,25,06:32:39,-1.3406,31.7505,8.0,4.7
2021,9,25,20:03:03,-10.3452,37.9335,15.2,4.8
2021,4,9,13:12:55,-11.3172,37.9794,14.9,4.7
2021,12,28,21:35:00,-7.0338,32.3126,10.2,4.7
2021,10,15,06:06:49,-12.6481,38.5793,14.7,4.7
2021,9,13,11:23:53,-9.0703,31.2814,11.7,4.7
2021,10,22,15:10:21,-5.7416,37.3053,8.8,4.5
2021,3,16,03:50:54,-10.9288,31.1926,12.2,4.6
2021,9,4,22:20:20,-1.9786,35.34,9.5,4.4
2021,2,28,11:55:55,-8.5104,33.3631,10.2,4.7
2021,5,1,10:57:20,-6.6934,31.8606,9.6,4.8
2021,5,13,05:24:46,-5.2336,32.9421,8.5,5.0
2022,9,11,04:23:06,-3.9736,40.0866,10.3,4.7
2022,6,21,05:34:09,-5.3165,36.0863,9.8,4.5
2022,4,4,10:22:13,-9.6604,29.4649,11.9,4.6
2022,1,24,16:10:48,-2.7375,37.6678,8.3,4.7
2022,1,15,09:29:03,-6.9382,37.379,10.0,4.5
2022,10,7,00:58:37,-3.2664,34.2728,8.3,4.9
2022,7,20,10:54:05,-9.111,36.4232,15.0,4.6
2022,2,4,10:15:02,-6.1566,34.7703,9.8,4.7
2022,8,26,12:32:09,-6.8261,31.917,9.1,4.5
2022,8,18,15:40:36,-4.6562,32.8175,9.8,4.7
2022,2,4,15:35:05,-2.7391,35.3024,10.3,4.4
2022,5,24,14:26:31,-4.7879,31.8937,7.8,5.0
2022,7,13,02:28:01,-5.5427,35.0764,9.2,4.4
2022,3,12,13:33:21,-4.6791,33.4258,8.2,4.8
2022,5,13,09:37:10,-2.7402,33.8408,9.7,4.3
2022,7,7,00:07:31,-9.8419,28.9512,12.1,4.6
2022,11,26,13:10:01,-7.8741,35.9093,14.7,4.8
2022,10,17,18:11:40,-0.7795,32.3315,10.0,4.3
2022,2,13,17:34:44,-7.6905,31.8114,10.3,4.5
2022,4,4,23:38:06,-3.0539,33.5875,8.9,4.2
2022,8,25,12:27:18,-6.6282,33.2935,10.0,4.8
2022,5,28,10:21:46,-7.4142,25.559,12.1,4.4
2022,8,22,03:49:38,-5.2676,36.5589,10.3,4.5
2022,3,25,11:28:10,-9.3388,34.5064,10.2,4.7
2022,10,4,09:25:19,-3.5595,34.0522,7.8,4.8
2022,3,8,19:07:57,-2.8172,33.075,10.3,4.5
2022,7,5,19:56:25,-1.7362,33.281,10.0,4.6
2022,1,21,13:33:33,-8.9946,33.3245,10.3,4.0
2022,4,20,04:09:15,-4.4348,32.8855,10.6,4.7
2022,6,15,10:53:33,-8.7563,39.0829,14.5,4.5
2022,5,26,01:30:28,-9.5952,30.6103,11.7,4.5
2022,7,25,08:55:00,-0.8407,26.9324,10.3,4.7
2022,4,14,04:28:46,-6.3641,31.8214,12.3,4.5
2022,2,26,15:17:01,-3.8949,32.6334,10.0,4.5
2022,9,28,06:48:35,-6.7945,35.8213,10.2,4.6
2022,9,12,08:49:33,-10.3676,38.57,15.6,4.7
2022,3,16,23:46:28,-2.9498,36.1908,10.4,4.7
2022,5,24,14:38:06,-10.2497,37.9064,15.0,4.6
2022,10,12,23:31:29,-4.2413,36.4796,8.1,4.7
2022,12,23,23:35:56,-3.7917,35.1541,8.9,4.2
2022,5,15,15:56:32,-5.728,36.8244,10.1,4.5
2022,12,25,15:08:10,-3.5154,36.3741,10.0,4.4
2022,5,1,16:55:28,-4.3163,37.2949,9.8,4.4
2022,9,13,02:21:26,-10.6719,30.7132,11.8,4.4
2022,10,7,14:25:10,-3.2855,34.9918,9.7,4.7
2022,8,24,18:02:54,-4.3244,32.4537,8.0,4.7
2022,2,13,06:51:11,-11.3582,29.5689,12.3,4.4
2022,1,3,05:22:12,-9.6589,37.0504,15.0,4.7
2022,12,6,19:44:47,-8.0495,34.3403,9.8,4.5
2023,10,8,16:57:53,-3.9117,30.004,8.3,4.5
2023,1,8,22:43:22,-1.3124,32.8861,7.6,4.8
2023,12,10,21:48:33,-1.9563,29.4313,9.4,4.5
2023,8,25,17:56:54,-9.4115,29.4212,9.8,4.9
2023,9,13,08:30:24,-3.4149,36.5498,10.6,4.2
2023,5,13,16:46:56,-8.2042,41.9073,9.5,4.2
2023,1,23,10:08:53,-2.727,33.7929,8.1,4.8
2023,4,18,10:08:40,-3.4716,32.7506,9.5,4.7
2023,12,18,14:18:59,-2.8916,33.3334,9.2,4.5
2023,5,7,05:55:21,-5.1666,32.6538,7.9,4.7
2023,9,9,21:01:15,-10.3111,37.8514,15.2,4.7
2023,1,4,22:06:43,-11.8738,34.3289,10.5,4.3
2023,10,4,02:24:22,-9.0092,36.9943,14.8,4.5
2023,2,24,00:11:07,-5.9237,35.2505,10.0,4.8
2023,5,10,12:53:22,-9.0019,39.2617,15.0,4.7
2023,2,3,13:56:46,-6.7061,34.8644,10.0,4.6
2023,11,2,18:09:18,-9.5602,29.6636,12.2,4.3
2023,9,27,06:59:20,-5.4286,34.0212,9.8,4.7
2023,7,10,09:50:56,-3.3858,40.7998,8.6,4.9
2023,11,26,12:18:27,-10.0277,39.3038,15.0,4.8
2023,4,12,05:18:41,-7.3202,31.0141,9.9,4.6
2023,1,15,18:38:24,-6.5839,30.8443,7.9,4.8
2023,2,14,08:04:54,-7.1156,33.5472,9.4,4.6
2023,8,24,17:24:47,-7.9471,30.1752,9.5,4.4
2023,10,19,19:58:08,-9.4892,34.8046,9.4,5.0
2023,8,16,15:18:58,-8.968,35.8037,10.2,4.6
2023,8,9,23:34:37,-8.0361,30.5285,11.7,4.6
2023,8,18,21:54:55,-1.7055,30.9023,8.2,4.6
